Url,Final Target URL
https://ottawaheart.sharepoint.com/sites/UOHI-BChow_Research,https://theottawahospital.sharepoint.com/sites/UOHI-BChow_Research
https://ottawaheart.sharepoint.com/sites/UOHI-ClinicalResearch-HC-Yellowbird,https://theottawahospital.sharepoint.com/sites/UOHI-ClinicalResearch-HC-CI-Yellowbird
https://ottawaheart.sharepoint.com/,https://theottawahospital.sharepoint.com/sites/UOHI-Root
https://ottawaheart.sharepoint.com/portals/Community,https://theottawahospital.sharepoint.com/sites/UOHI-Community
https://ottawaheart.sharepoint.com/sites/407,https://theottawahospital.sharepoint.com/sites/UOHI-407
https://ottawaheart.sharepoint.com/sites/4238A,https://theottawahospital.sharepoint.com/sites/UOHI-ATeam
https://ottawaheart.sharepoint.com/sites/4238A-MyOffice,https://theottawahospital.sharepoint.com/sites/UOHI-ATeam-MyOffice
https://ottawaheart.sharepoint.com/sites/Radiochemistry-Budget2024-2025,https://theottawahospital.sharepoint.com/sites/UOHI-Radiochemistry-Budget2024-2025
https://ottawaheart.sharepoint.com/sites/AACManagement,https://theottawahospital.sharepoint.com/sites/UOHI-AACManagement
https://ottawaheart.sharepoint.com/sites/ServiceNow-Internal,https://theottawahospital.sharepoint.com/sites/UOHI-SNImplementation-Internal
https://ottawaheart.sharepoint.com/sites/HIHeartResearch-AERIAL,https://theottawahospital.sharepoint.com/sites/UOHI-HIHeartResearch-AERIAL
https://ottawaheart.sharepoint.com/sites/HIHeartResearch-CAREDX,https://theottawahospital.sharepoint.com/sites/UOHI-HIHeartResearch-CAREDX
https://ottawaheart.sharepoint.com/sites/HIHeartResearch-MARINER,https://theottawahospital.sharepoint.com/sites/UOHI-HIHeartResearch-MARINER
https://ottawaheart.sharepoint.com/sites/Research-CIRCL,https://theottawahospital.sharepoint.com/sites/UOHI-Research-CIRCL
https://ottawaheart.sharepoint.com/sites/UOHI-SpaceandMasterPlanning,https://theottawahospital.sharepoint.com/sites/UOHI-SpaceandMasterPlanning
https://ottawaheart.sharepoint.com/sites/EDIWorkingGroup-CapitalPrideParade,https://theottawahospital.sharepoint.com/sites/UOHI-IDEAWorkingGroup-CapitalPrideParade
https://ottawaheart.sharepoint.com/sites/ClientTechnologies-Converge2025,https://theottawahospital.sharepoint.com/sites/UOHI-ClientTechnologies-Converge2025
https://ottawaheart.sharepoint.com/sites/ACHD_Rounds,https://theottawahospital.sharepoint.com/sites/UOHI-ClinicalServices-ACHDRounds
https://ottawaheart.sharepoint.com/sites/ACHDTeam,https://theottawahospital.sharepoint.com/sites/UOHI-ACHDTeam
https://ottawaheart.sharepoint.com/sites/ADCleanup,https://theottawahospital.sharepoint.com/sites/UOHI-ADCleanup
https://ottawaheart.sharepoint.com/sites/AE,https://theottawahospital.sharepoint.com/sites/UOHI-AE
https://ottawaheart.sharepoint.com/sites/aerial_study,https://theottawahospital.sharepoint.com/sites/UOHI-ClinicalResearch-AERIAL
https://ottawaheart.sharepoint.com/sites/AFbundleproject,https://theottawahospital.sharepoint.com/sites/UOHI-AFbundleproject
https://ottawaheart.sharepoint.com/sites/AFC-AdultEchocardiography,https://theottawahospital.sharepoint.com/sites/AFC-AdultEchocardiography
https://ottawaheart.sharepoint.com/sites/AFC-AdultInterventionalCardiology,https://theottawahospital.sharepoint.com/sites/UOHI-AFC-AdultInterventionalCardiology
https://ottawaheart.sharepoint.com/sites/AFibclass,https://theottawahospital.sharepoint.com/sites/UOHI-AFibclass
https://ottawaheart.sharepoint.com/sites/ClientTechnologies-HelpDesk,https://theottawahospital.sharepoint.com/sites/UOHI-ClientTechnologies-HelpDesk
https://ottawaheart.sharepoint.com/sites/AllCompany.391110656.dttxwdce,https://theottawahospital.sharepoint.com/sites/AllCompany.391110656.dttxwdce
https://ottawaheart.sharepoint.com/sites/AMC,https://theottawahospital.sharepoint.com/sites/UOHI-AMC
https://ottawaheart.sharepoint.com/sites/UOHILeadershipTeam-DataandSystemsInformation,https://theottawahospital.sharepoint.com/sites/UOHI-CardiacImaging-LeadershipTeam-DataandSystemsInformation
https://ottawaheart.sharepoint.com/sites/AMCBookingScheduler,https://theottawahospital.sharepoint.com/sites/UOHI-CentralSupport
https://ottawaheart.sharepoint.com/sites/UOHI-Capital-Lab,https://theottawahospital.sharepoint.com/sites/UOHI-ClinicalResearch-CapitalLab
https://ottawaheart.sharepoint.com/sites/ITCohesicImplementation-UOHI,https://theottawahospital.sharepoint.com/sites/UOHI-ITCohesicImplementation-UOHI
https://ottawaheart.sharepoint.com/sites/AACFinance-2020YearEndforAuditors,https://theottawahospital.sharepoint.com/sites/UOHI-AACFinanceExec-2020YearEndforAuditors
https://ottawaheart.sharepoint.com/sites/AMCResearch,https://theottawahospital.sharepoint.com/sites/UOHI-ManagementProjects
https://ottawaheart.sharepoint.com/sites/AMC-ResearchStudiesCOASTAFandAWARE,https://theottawahospital.sharepoint.com/sites/UOHI-AMC-ResearchStudiesCOASTAFandAWARE
https://ottawaheart.sharepoint.com/sites/AMCscheduler,https://theottawahospital.sharepoint.com/sites/UOHI-AMCscheduler
https://ottawaheart.sharepoint.com/sites/Anticoagtest,https://theottawahospital.sharepoint.com/sites/UOHI-AnticoagulationClinic
https://ottawaheart.sharepoint.com/sites/Appgroup,https://theottawahospital.sharepoint.com/sites/UOHI-Appgroup
https://ottawaheart.sharepoint.com/sites/Atlasdiscussion,https://theottawahospital.sharepoint.com/sites/UOHI-Atlasdiscussion
https://ottawaheart.sharepoint.com/sites/AV,https://theottawahospital.sharepoint.com/sites/UOHI-Audio-VisualSystems
https://ottawaheart.sharepoint.com/sites/avaya_aura_upgrade,https://theottawahospital.sharepoint.com/sites/UOHI-IT-AvayaAura10.xUpgrade
https://ottawaheart.sharepoint.com/sites/Backoffice,https://theottawahospital.sharepoint.com/sites/UOHI-Backoffice
https://ottawaheart.sharepoint.com/sites/Barrierproject,https://theottawahospital.sharepoint.com/sites/UOHI-Barrierproject
https://ottawaheart.sharepoint.com/sites/BillingInvoices,https://theottawahospital.sharepoint.com/sites/UOHI-BillingInvoices
https://ottawaheart.sharepoint.com/sites/BillingInvoices-Anticoag,https://theottawahospital.sharepoint.com/sites/UOHI-BillingInvoices-Anticoag
https://ottawaheart.sharepoint.com/sites/BillingInvoices-CaseConference,https://theottawahospital.sharepoint.com/sites/UOHI-BillingInvoices-CaseConference
https://ottawaheart.sharepoint.com/sites/BillingInvoices-DeviceClinic-PhysiciantoPhysicianConsults,https://theottawahospital.sharepoint.com/sites/UOHI-BillingInvoices-DeviceClinic-PhysiciantoPhysicianConsults
https://ottawaheart.sharepoint.com/sites/BillingInvoices-ECGpostCT,https://theottawahospital.sharepoint.com/sites/UOHI-BillingInvoices-ECGpostCT
https://ottawaheart.sharepoint.com/sites/BillingInvoices-HeartFailurePhysiciantoPhysician,https://theottawahospital.sharepoint.com/sites/UOHI-BillingInvoices-HeartFailurePhysiciantoPhysician
https://ottawaheart.sharepoint.com/sites/BillingInvoices-LVADINRBilling,https://theottawahospital.sharepoint.com/sites/UOHI-BillingInvoices-LVADINRBilling
https://ottawaheart.sharepoint.com/sites/BillingInvoices-NunavutEcho,https://theottawahospital.sharepoint.com/sites/UOHI-BillingInvoices-NunavutEcho
https://ottawaheart.sharepoint.com/sites/BillingInvoices-PalliativeLists,https://theottawahospital.sharepoint.com/sites/UOHI-BillingInvoices-PalliativeLists
https://ottawaheart.sharepoint.com/sites/BillingInvoices-PrivateOfficeInvoices,https://theottawahospital.sharepoint.com/sites/UOHI-BillingInvoices-PrivateOfficeInvoices
https://ottawaheart.sharepoint.com/sites/BillingOffice,https://theottawahospital.sharepoint.com/sites/UOHI-BillingOffice
https://ottawaheart.sharepoint.com/sites/Biobankmeeting,https://theottawahospital.sharepoint.com/sites/UOHI-Biobankmeeting
https://ottawaheart.sharepoint.com/sites/BiomedCIITMonthlyMeetings,https://theottawahospital.sharepoint.com/sites/UOHI-BiomedCIITMonthlyMeetings
https://ottawaheart.sharepoint.com/sites/DivisionofCardiologyMeetings,https://theottawahospital.sharepoint.com/sites/UOHI-DivisionofCardiologyInformation
https://ottawaheart.sharepoint.com/sites/DivisionofCardiologyMeetings-AAC,https://theottawahospital.sharepoint.com/sites/UOHI-DivisionofCardiologyInformation-AACBillingResources
https://ottawaheart.sharepoint.com/sites/DivisionofCardiologyMeetings-AACAffiliateParticipants,https://theottawahospital.sharepoint.com/sites/UOHI-DivisionofCardiologyInformation-AACAffiliateParticipants
https://ottawaheart.sharepoint.com/sites/DivisionofCardiologyMeetings-AACExec,https://theottawahospital.sharepoint.com/sites/UOHI-DivisionofCardiologyInformation-AACExec
https://ottawaheart.sharepoint.com/sites/DivisionofCardiologyMeetings-AACParticipants,https://theottawahospital.sharepoint.com/sites/UOHI-DivisionofCardiologyInformation-AACParticipants
https://ottawaheart.sharepoint.com/sites/policyoffice-Authors,https://theottawahospital.sharepoint.com/sites/UOHI-ClinicalServices-PolicyOffice-Authors
https://ottawaheart.sharepoint.com/sites/ResearchServices-Grantbudgetreview,https://theottawahospital.sharepoint.com/sites/UOHI-ResearchAdministration-Grantbudgetreview-March2025
https://ottawaheart.sharepoint.com/sites/ResearchServices-GrantBudgetReview-Fall2025,https://theottawahospital.sharepoint.com/sites/UOHI-ResearchAdministration-GrantBudgetReview-Fall2025
https://ottawaheart.sharepoint.com/sites/Board-1,https://theottawahospital.sharepoint.com/sites/UOHI-Board-1
https://ottawaheart.sharepoint.com/sites/BookClub,https://theottawahospital.sharepoint.com/sites/UOHI-BookClub
https://ottawaheart.sharepoint.com/sites/BOTPatchManagement,https://theottawahospital.sharepoint.com/sites/UOHI-BOTPatchManagement
https://ottawaheart.sharepoint.com/sites/Bronchteam,https://theottawahospital.sharepoint.com/sites/UOHI-Bronchteam
https://ottawaheart.sharepoint.com/sites/CADENCECRFTEAM,https://theottawahospital.sharepoint.com/sites/UOHI-CADENCECRFTEAM
https://ottawaheart.sharepoint.com/sites/CAPER,https://theottawahospital.sharepoint.com/sites/UOHI-CardiacImagingResearch-CAPERstudy
https://ottawaheart.sharepoint.com/sites/CapitalProjectsandFacilities,https://theottawahospital.sharepoint.com/sites/UOHI-CapitalProjectsandFacilities
https://ottawaheart.sharepoint.com/sites/Cardiac_Surgery-DAPMAG,https://theottawahospital.sharepoint.com/sites/UOHI-CardiacSurgeryDAPMAG
https://ottawaheart.sharepoint.com/sites/CardiacImaging_ClericalTeam,https://theottawahospital.sharepoint.com/sites/UOHI-CardiacImaging-ClericalTeam
https://ottawaheart.sharepoint.com/sites/CardiacImaging_ECHOTeam,https://theottawahospital.sharepoint.com/sites/UOHI-CardiacImaging-ECHOTeam
https://ottawaheart.sharepoint.com/sites/CardiacImaging_MRITeam,https://theottawahospital.sharepoint.com/sites/UOHI-CardiacImaging-MRITeam
https://ottawaheart.sharepoint.com/sites/CardiacImagingCentreCommittee,https://theottawahospital.sharepoint.com/sites/UOHI-CardiacImagingCentreCommittee
https://ottawaheart.sharepoint.com/sites/CardiacImaging-CTTeam,https://theottawahospital.sharepoint.com/sites/UOHI-CardiacImaging-CTTeam
https://ottawaheart.sharepoint.com/sites/CardiacImagingECGteam,https://theottawahospital.sharepoint.com/sites/UOHI-CardiacImaging-ECGteam
https://ottawaheart.sharepoint.com/sites/CardiacImagingPolicies,https://theottawahospital.sharepoint.com/sites/CardiacImagingPolicies
https://ottawaheart.sharepoint.com/sites/CardiacImagingRounds,https://theottawahospital.sharepoint.com/sites/UOHI-CardiacImagingRounds
https://ottawaheart.sharepoint.com/sites/ResearchServices-Grantbudgetreview-spring2024,https://theottawahospital.sharepoint.com/sites/UOHI-ResearchAdministration-Grantbudgetreview-spring2024
https://ottawaheart.sharepoint.com/sites/CardiacImagingTriviaNight,https://theottawahospital.sharepoint.com/sites/UOHI-CardiacImagingTriviaNight
https://ottawaheart.sharepoint.com/sites/CardiacPharmacy,https://theottawahospital.sharepoint.com/sites/UOHI-CardiacPharmacy
https://ottawaheart.sharepoint.com/sites/CardiacPharmacy-MedicationManagementAudits,https://theottawahospital.sharepoint.com/sites/UOHI-CardiacPharmacy-MedicationManagementAudits
https://ottawaheart.sharepoint.com/sites/ResearchServices-JUMPIN,https://theottawahospital.sharepoint.com/sites/UOHI-ResearchAdministration-JUMPIN
https://ottawaheart.sharepoint.com/sites/CardiacPharmacy-Policies,https://theottawahospital.sharepoint.com/sites/UOHI-CardiacPharmacy-Policies
https://ottawaheart.sharepoint.com/sites/ClinicalServices-UOHIAccreditation-PlanningTeam,https://theottawahospital.sharepoint.com/sites/UOHI-ClinicalServices-UOHIAccreditation-PlanningTeam
https://ottawaheart.sharepoint.com/sites/BiomedCIITMonthlyMeetings-Documents,https://theottawahospital.sharepoint.com/sites/UOHI-BiomedCIITMonthlyMeetings-Documents
https://ottawaheart.sharepoint.com/sites/CardiacPharmacy-WaitingRoom,https://theottawahospital.sharepoint.com/sites/UOHI-CardiacPharmacy-UOHISafeMedicationPracticeCommittee
https://ottawaheart.sharepoint.com/sites/CardiacRehab,https://theottawahospital.sharepoint.com/sites/UOHI-CardiacRehabOutpatient
https://ottawaheart.sharepoint.com/sites/CardiacRehabAdministration,https://theottawahospital.sharepoint.com/sites/CardiacRehab-FINANCEADMIN
https://ottawaheart.sharepoint.com/sites/CardiacRehab-EducationCentreCommittee,https://theottawahospital.sharepoint.com/sites/CardiacRehab-EducationCentreCommittee
https://ottawaheart.sharepoint.com/sites/CardiacRehab-InPatient,https://theottawahospital.sharepoint.com/sites/CardiacRehab-InPatient
https://ottawaheart.sharepoint.com/sites/CardiacRehab-IPPCCommittee,https://theottawahospital.sharepoint.com/sites/CardiacRehab-IPPCCommittee
https://ottawaheart.sharepoint.com/sites/CardiacRehab-MGR-HR,https://theottawahospital.sharepoint.com/sites/CardiacRehab-MGR-HR
https://ottawaheart.sharepoint.com/sites/CardiacRehab-PHYSIOTHERAPY,https://theottawahospital.sharepoint.com/sites/CardiacRehab-PHYSIOTHERAPY
https://ottawaheart.sharepoint.com/sites/CardiacRehab-PREHAB,https://theottawahospital.sharepoint.com/sites/CardiacRehab-PREHAB
https://ottawaheart.sharepoint.com/sites/CardiacRehab-PrehabVideoandGuide,https://theottawahospital.sharepoint.com/sites/CardiacRehab-PrehabVideoandGuide
https://ottawaheart.sharepoint.com/sites/CardiacRehab-RN-MDCommunicationGroup,https://theottawahospital.sharepoint.com/sites/CardiacRehab-RN-MDCommunicationGroup
https://ottawaheart.sharepoint.com/sites/CardiacRehab-WHH-HYPERTENSION,https://theottawahospital.sharepoint.com/sites/UOHI-CardiacRehab-WHH-HYPERTENSION
https://ottawaheart.sharepoint.com/sites/CardiacSurgery-ClinicalResearch,https://theottawahospital.sharepoint.com/sites/UOHI-CardiacSurgery-ClinicalResearch
https://ottawaheart.sharepoint.com/sites/CardiacSurgery-Partners,https://theottawahospital.sharepoint.com/sites/UOHI-CardiacSurgery-Partners
https://ottawaheart.sharepoint.com/sites/CardiacSurgeryTeamMeeting,https://theottawahospital.sharepoint.com/sites/UOHI-CardiacSurgeryTeamMeeting
https://ottawaheart.sharepoint.com/sites/CardiacVirtualCare,https://theottawahospital.sharepoint.com/sites/UOHI-CardiacVirtualCare
https://ottawaheart.sharepoint.com/sites/Cardiocore,https://theottawahospital.sharepoint.com/sites/UOHI-Cardiocore
https://ottawaheart.sharepoint.com/sites/Cardiocore739,https://theottawahospital.sharepoint.com/sites/UOHI-HealthRecordsandDataAnalytics
https://ottawaheart.sharepoint.com/sites/Cardiocore739-DataAnalyticsTeam,https://theottawahospital.sharepoint.com/sites/UOHI-HealthRecordsandDataAnalytics-DataAnalyticsTeam
https://ottawaheart.sharepoint.com/sites/Cardiocore739-NCDRDataAbstractionTeam,https://theottawahospital.sharepoint.com/sites/UOHI-HealthRecordsandDataAnalytics-NCDRDataAbstractionTeam
https://ottawaheart.sharepoint.com/sites/Cardiocore739-STSDataAbstractionTeam,https://theottawahospital.sharepoint.com/sites/UOHI-HealthRecordsandDataAnalytics-STSDataAbstractionTeam
https://ottawaheart.sharepoint.com/sites/Cardiocore-Cardioprevent,https://theottawahospital.sharepoint.com/sites/UOHI-Cardiocore-Cardioprevent
https://ottawaheart.sharepoint.com/sites/RotsteinLab-AnnexinV,https://theottawahospital.sharepoint.com/sites/UOHI-RotsteinLab-AnnexinV
https://ottawaheart.sharepoint.com/sites/Cardiocore-Onemillionhearts,https://theottawahospital.sharepoint.com/sites/UOHI-Cardiocore-Onemillionhearts
https://ottawaheart.sharepoint.com/sites/RotsteinLab-Carbon-11,https://theottawahospital.sharepoint.com/sites/UOHI-RotsteinLab-Carbon-11
https://ottawaheart.sharepoint.com/sites/RotsteinLab-MMP,https://theottawahospital.sharepoint.com/sites/UOHI-RotsteinLab-MMP
https://ottawaheart.sharepoint.com/sites/RotsteinLab-NextGen11CBookChapter,https://theottawahospital.sharepoint.com/sites/UOHI-RotsteinLab-NextGen11CBookChapter
https://ottawaheart.sharepoint.com/sites/RotsteinLab-PSMA,https://theottawahospital.sharepoint.com/sites/UOHI-RotsteinLab-PSMA
https://ottawaheart.sharepoint.com/sites/RotsteinLab-ReturntoLab,https://theottawahospital.sharepoint.com/sites/UOHI-RotsteinLab-ReturntoLab
https://ottawaheart.sharepoint.com/sites/RotsteinLab-Test,https://theottawahospital.sharepoint.com/sites/UOHI-RotsteinLab-Test
https://ottawaheart.sharepoint.com/sites/AITaskForce,https://theottawahospital.sharepoint.com/sites/UOHI-AITaskForce
https://ottawaheart.sharepoint.com/sites/CARDIOLOGYDISCHARGECLASS,https://theottawahospital.sharepoint.com/sites/UOHI-CARDIOLOGYDISCHARGECLASS
https://ottawaheart.sharepoint.com/sites/CardiologyEducation,https://theottawahospital.sharepoint.com/sites/UOHI-CardiologyEducation
https://ottawaheart.sharepoint.com/sites/Cardiology-EPICResources,https://theottawahospital.sharepoint.com/sites/UOHI-Cardiology-EPICResources
https://ottawaheart.sharepoint.com/sites/Cardiology-EPVTService,https://theottawahospital.sharepoint.com/sites/UOHI-Cardiology-EPVTService
https://ottawaheart.sharepoint.com/sites/UOHIBoardofDirectors,https://theottawahospital.sharepoint.com/sites/UOHI-BoardofDirectors
https://ottawaheart.sharepoint.com/sites/ITCyberSecurityCommittee-CSteam,https://theottawahospital.sharepoint.com/sites/UOHI-ITCyberSecurityCommittee-CSteam
https://ottawaheart.sharepoint.com/sites/ITCyberSecurityCommittee-PrivateDrafts,https://theottawahospital.sharepoint.com/sites/UOHI-ITCyberSecurityCommittee-PrivateDrafts
https://ottawaheart.sharepoint.com/sites/O356Project-ManagementandDevelopmentChannel,https://theottawahospital.sharepoint.com/sites/UOHI-O356Project-ManagementandDevelopmentChannel
https://ottawaheart.sharepoint.com/sites/CardiologyTeamMeetings,https://theottawahospital.sharepoint.com/sites/UOHI-CardiologyTeamMeetings
https://ottawaheart.sharepoint.com/sites/Quality-UOHIGovernance,https://theottawahospital.sharepoint.com/sites/UOHI-HIGovernance
https://ottawaheart.sharepoint.com/sites/CathEPLabIn-Service-January13th2021,https://theottawahospital.sharepoint.com/sites/UOHI-AnticoagulationClinic_e38-6l
https://ottawaheart.sharepoint.com/sites/CathLabtechs-staffmeeting,https://theottawahospital.sharepoint.com/sites/UOHI-CathLabtechs
https://ottawaheart.sharepoint.com/sites/CCRCC2,https://theottawahospital.sharepoint.com/sites/CCRCC
https://ottawaheart.sharepoint.com/sites/CEACFY2020-21,https://theottawahospital.sharepoint.com/sites/UOHI-CEAC
https://ottawaheart.sharepoint.com/sites/CentralRegistrationMeeting,https://theottawahospital.sharepoint.com/sites/UOHI-PlanningAdminMeetingGroup
https://ottawaheart.sharepoint.com/sites/CentralRegistrationMeeting-FoundationMeeting,https://theottawahospital.sharepoint.com/sites/UOHI-PlanningAdminMeetingGroup-FoundationMeeting
https://ottawaheart.sharepoint.com/sites/CentralRegistrationMeeting-SpacePlanmeeting,https://theottawahospital.sharepoint.com/sites/UOHI-PlanningAdminMeetingGroup-SpacePlanmeeting
https://ottawaheart.sharepoint.com/sites/CEO_Office-Transitional_Planning,https://theottawahospital.sharepoint.com/sites/UOHI-CEOOffice-TransitionalPlanning
https://ottawaheart.sharepoint.com/sites/ChamplainDINetworkSteeringCommittee,https://theottawahospital.sharepoint.com/sites/UOHI-ChamplainDINetworkSteeringCommittee
https://ottawaheart.sharepoint.com/sites/CHASM_CS_RCT_MF,https://theottawahospital.sharepoint.com/sites/UOHI-ClinicalResearch-HC-CHASMCS-RCTTrialMasterFile
https://ottawaheart.sharepoint.com/sites/ChiefNursingExecutive,https://theottawahospital.sharepoint.com/sites/UOHI-ChamplainChiefNursingExecutiveTeam
https://ottawaheart.sharepoint.com/sites/ClientTechKB,https://theottawahospital.sharepoint.com/sites/ClientTechKB
https://ottawaheart.sharepoint.com/sites/ClientTechnologies,https://theottawahospital.sharepoint.com/sites/UOHI-ClientTechnologies
https://ottawaheart.sharepoint.com/sites/ITLeadership-CyberEnhancementCommunicationRollOuttoUsers,https://theottawahospital.sharepoint.com/sites/UOHI-ITLeadership-CyberEnhancementCommunicationRollOuttoUsers
https://ottawaheart.sharepoint.com/sites/ITLeadership-TOHJobDescriptions,https://theottawahospital.sharepoint.com/sites/UOHI-ITLeadership-ITSalaryReview
https://ottawaheart.sharepoint.com/sites/ClientTechnologies-MacOSProject,https://theottawahospital.sharepoint.com/sites/UOHI-ClientTechnologies-MacOSProject
https://ottawaheart.sharepoint.com/sites/Clinical_Services-Accreditation,https://theottawahospital.sharepoint.com/sites/UOHI-ClinicalServicesAccreditation
https://ottawaheart.sharepoint.com/sites/HIPRC-CathEPLab,https://theottawahospital.sharepoint.com/sites/UOHI-HIPRC-CathEPDayUnitEducationHub
https://ottawaheart.sharepoint.com/sites/Clinical-CardiologySteering,https://theottawahospital.sharepoint.com/sites/UOHI-CardiologySteering
https://ottawaheart.sharepoint.com/sites/ClinicalResearch_Managers,https://theottawahospital.sharepoint.com/sites/UOHI-ClinicalResearchManagers
https://ottawaheart.sharepoint.com/sites/ClinicalResearchandCompliance,https://theottawahospital.sharepoint.com/sites/UOHI-ClinicalResearchandCompliance
https://ottawaheart.sharepoint.com/sites/ClinicalResearchandCompliance-ManagerWorkingDocs,https://theottawahospital.sharepoint.com/sites/UOHI-ClinicalResearchandCompliance-ManagerWorkingDocs
https://ottawaheart.sharepoint.com/sites/ClinicalResearchandCompliance-SiteMonitoring,https://theottawahospital.sharepoint.com/sites/UOHI-ClinicalResearchandCompliance-SiteMonitoring
https://ottawaheart.sharepoint.com/sites/ClinicalResearchandCompliance-Workingdocuments-Manager-Director,https://theottawahospital.sharepoint.com/sites/UOHI-ClinicalResearchandCompliance-Workingdocuments-Manager-Director
https://ottawaheart.sharepoint.com/sites/ClinicalResearchCompliance-RiskAssessments,https://theottawahospital.sharepoint.com/sites/UOHI-ClinicalResearchCompliance-RiskAssessments
https://ottawaheart.sharepoint.com/sites/ClinicalResearchStaffMeeting,https://theottawahospital.sharepoint.com/sites/UOHI-ClinicalResearchStaffMeeting
https://ottawaheart.sharepoint.com/sites/ClinicalResearch-ToolsandTemplates,https://theottawahospital.sharepoint.com/sites/ClinicalResearch-ToolsandTemplates
https://ottawaheart.sharepoint.com/sites/ClinicalResearchWorkshop,https://theottawahospital.sharepoint.com/sites/UOHI-ClinicalResearchWorkshop
https://ottawaheart.sharepoint.com/sites/ClinicalServiceNursingChairEducation,https://theottawahospital.sharepoint.com/sites/UOHI-ClinicalServices-Co-VPs
https://ottawaheart.sharepoint.com/sites/ClinicalService-PatientEducation,https://theottawahospital.sharepoint.com/sites/ClinicalService-PatientEducation
https://ottawaheart.sharepoint.com/sites/ClinicalServices-AcuteCardiacTriageUnit,https://theottawahospital.sharepoint.com/sites/ClinicalServices-AcuteCardiacTriageUnit
https://ottawaheart.sharepoint.com/sites/ClinicalServices-AmbulatoryCareSteeringCommittee,https://theottawahospital.sharepoint.com/sites/UOHI-ClinicalServices-AmbulatoryCareSteeringCommittee
https://ottawaheart.sharepoint.com/sites/ClinicalServicesAnticoagulationClinic,https://theottawahospital.sharepoint.com/sites/UOHI-ClinicalServices-AnticoagulationClinic
https://ottawaheart.sharepoint.com/sites/ClinicalServices-APNClinicalEducators,https://theottawahospital.sharepoint.com/sites/ClinicalServices-APNClinicalEducators
https://ottawaheart.sharepoint.com/sites/ClinicalServices-CentralRegistration,https://theottawahospital.sharepoint.com/sites/UOHI-ClinicalServices-CentralRegistration
https://ottawaheart.sharepoint.com/sites/ClinicalServices-CSICUunit,https://theottawahospital.sharepoint.com/sites/ClinicalServices-CSICUunit
https://ottawaheart.sharepoint.com/sites/ClinicalServices-HealthRecords_and_DataAnalytics,https://theottawahospital.sharepoint.com/sites/UOHI-ClinicalServices-HealthRecordsandDataAnalytics
https://ottawaheart.sharepoint.com/sites/ClinicalServices-HealthRecords_and_DataAnalytics-Chris,https://theottawahospital.sharepoint.com/sites/UOHI-ClinicalServices-HealthRecordsandDataAnalytics-Chris
https://ottawaheart.sharepoint.com/sites/ClinicalServices-HealthRecords_and_DataAnalytics-ClinicalInformatics,https://theottawahospital.sharepoint.com/sites/UOHI-ClinicalServices-HealthRecordsandDataAnalytics-Tuan
https://ottawaheart.sharepoint.com/sites/ClinicalServices-HealthRecords_and_DataAnalytics-McKenzie,https://theottawahospital.sharepoint.com/sites/UOHI-ClinicalServices-HealthRecordsandDataAnalytics-McKenzie
https://ottawaheart.sharepoint.com/sites/ClinicalServices-HI_Educators,https://theottawahospital.sharepoint.com/sites/UOHI-ClinicalServices-HIEducators
https://ottawaheart.sharepoint.com/sites/ClinicalServices-ICCUClinicalStaff,https://theottawahospital.sharepoint.com/sites/UOHI-ClinicalServices-ICCUClinicalStaff
https://ottawaheart.sharepoint.com/sites/ClinicalServicesInternaleducation,https://theottawahospital.sharepoint.com/sites/ClinicalServicesInternaleducation
https://ottawaheart.sharepoint.com/sites/ClinicalServices-PatientEngagement,https://theottawahospital.sharepoint.com/sites/ClinicalServices-PatientEngagement
https://ottawaheart.sharepoint.com/sites/ClinicalServices-PatientRelationsatUOHI,https://theottawahospital.sharepoint.com/sites/ClinicalServices-PatientRelationsatUOHI
https://ottawaheart.sharepoint.com/sites/ClinicalServices-QualityofCareCommitteeQOCC,https://theottawahospital.sharepoint.com/sites/UOHI-ClinicalServices-QualityofCareCommitteeQOCC
https://ottawaheart.sharepoint.com/sites/ClinicalServices-RRCClinicalStaff,https://theottawahospital.sharepoint.com/sites/UOHI-RRCClinicalStaff
https://ottawaheart.sharepoint.com/sites/ClinicalServices-UOHIAccreditation,https://theottawahospital.sharepoint.com/sites/UOHI-ClinicalServices-UOHIAccreditation
https://ottawaheart.sharepoint.com/sites/UOHI-ApplicationDevTeam-Ruiworkschedule,https://theottawahospital.sharepoint.com/sites/UOHI-ApplicationDevTeam-Ruiworkschedule
https://ottawaheart.sharepoint.com/sites/ClinicalServices-UOHIAdmitting,https://theottawahospital.sharepoint.com/sites/UOHI-ClinicalServices-UOHIAdmitting
https://ottawaheart.sharepoint.com/sites/FATeam-OutofProvincePatientBilling,https://theottawahospital.sharepoint.com/sites/UOHI-Finance-OutofProvincePatientBilling
https://ottawaheart.sharepoint.com/sites/FATeam-UOHICaseCosting,https://theottawahospital.sharepoint.com/sites/UOHI-Finance-UOHICaseCosting
https://ottawaheart.sharepoint.com/sites/Clinical-UOHICardiacCathLab-EPLab-DayUnitClinicalEducatorLe,https://theottawahospital.sharepoint.com/sites/UOHI-Clinical-UOHICardiacCathLab-EPLab-DayUnitClinicalEducat
https://ottawaheart.sharepoint.com/sites/COAST,https://theottawahospital.sharepoint.com/sites/UOHI-COAST
https://ottawaheart.sharepoint.com/sites/coast-AF2,https://theottawahospital.sharepoint.com/sites/UOHI-coast-AF
https://ottawaheart.sharepoint.com/sites/COAST-AFtransition,https://theottawahospital.sharepoint.com/sites/UOHI-COAST-AFtransition
https://ottawaheart.sharepoint.com/sites/COICommitee,https://theottawahospital.sharepoint.com/sites/UOHI-COICommitee
https://ottawaheart.sharepoint.com/sites/COMMS,https://theottawahospital.sharepoint.com/sites/UOHI-COMMS
https://ottawaheart.sharepoint.com/sites/CommunicationsandFrenchLanguageServices,https://theottawahospital.sharepoint.com/sites/CommunicationsandFrenchLanguageServices
https://ottawaheart.sharepoint.com/sites/Communications-ConversationClasses,https://theottawahospital.sharepoint.com/sites/UOHI-Communications-ConversationClasses
https://ottawaheart.sharepoint.com/sites/CommunicationsTeam,https://theottawahospital.sharepoint.com/sites/UOHI-CommunicationsTeam
https://ottawaheart.sharepoint.com/sites/Consult,https://theottawahospital.sharepoint.com/sites/UOHI-Consult
https://ottawaheart.sharepoint.com/sites/CorporatePodcastProject,https://theottawahospital.sharepoint.com/sites/UOHI-PodcastProject
https://ottawaheart.sharepoint.com/sites/CRCEFSupportProgram,https://theottawahospital.sharepoint.com/sites/UOHI-CRCEFEDICommittee
https://ottawaheart.sharepoint.com/sites/CR-ClinicalScholars,https://theottawahospital.sharepoint.com/sites/CR-ClinicalScholars
https://ottawaheart.sharepoint.com/sites/CRCTeam,https://theottawahospital.sharepoint.com/sites/UOHI-AACDocumentRepository
https://ottawaheart.sharepoint.com/sites/CRCTeam-Mirvat,https://theottawahospital.sharepoint.com/sites/UOHI-AACDocumentRepository-Mirvat
https://ottawaheart.sharepoint.com/sites/CreanDreamTeam,https://theottawahospital.sharepoint.com/sites/UOHI-CreanDreamTeam
https://ottawaheart.sharepoint.com/sites/Critical_Care_Heart_Team,https://theottawahospital.sharepoint.com/sites/UOHI-CriticalCareHeartTeam
https://ottawaheart.sharepoint.com/sites/CRMC-ClinicalTrials,https://theottawahospital.sharepoint.com/sites/CRMC-ClinicalTrials
https://ottawaheart.sharepoint.com/sites/CSICU_Unit_Council,https://theottawahospital.sharepoint.com/sites/UOHI-CSICU
https://ottawaheart.sharepoint.com/sites/CSICUPhysicians,https://theottawahospital.sharepoint.com/sites/UOHI-CSICUPhysicians
https://ottawaheart.sharepoint.com/sites/CTOperations,https://theottawahospital.sharepoint.com/sites/UOHI-CTOperations
https://ottawaheart.sharepoint.com/sites/CyberSecurityWorkingGroup,https://theottawahospital.sharepoint.com/sites/UOHI-IT-CyberSecurityWorkingGroup
https://ottawaheart.sharepoint.com/sites/Clinical-CardiacCathLab-EPLab-DayUnitLeadershipTeam,https://theottawahospital.sharepoint.com/sites/UOHI-Clinical-CardiacCathLab-EPLab-DayUnitLeadershipTeam
https://ottawaheart.sharepoint.com/sites/Quality-PatientrelationsandRiskmanagement-IncidentReviews,https://theottawahospital.sharepoint.com/sites/UOHI-Quality-PatientrelationsandRiskmanagement-IncidentReviews
https://ottawaheart.sharepoint.com/sites/cytvsnrt,https://theottawahospital.sharepoint.com/sites/UOHI-CYTvsNRT
https://ottawaheart.sharepoint.com/sites/DataScienceAICentreOversightCommittee,https://theottawahospital.sharepoint.com/sites/UOHI-DataScienceAICentreOversightCommittee
https://ottawaheart.sharepoint.com/sites/Quality-PatientrelationsandRiskmanagement-WaitListDeath,https://theottawahospital.sharepoint.com/sites/UOHI-Quality-PatientrelationsandRiskmanagement-WaitListDeath
https://ottawaheart.sharepoint.com/sites/DayUnitNameChange,https://theottawahospital.sharepoint.com/sites/UOHI-DayUnitNameChange
https://ottawaheart.sharepoint.com/sites/CyberSecurityWorkingGroup-ChangeMonitoringAlerting,https://theottawahospital.sharepoint.com/sites/UOHI-IT-CyberSecurityWorkingGroup-ChangeMonitoringAlerting
https://ottawaheart.sharepoint.com/sites/DiagnosticImaging-CardiacFDGPETSpecialAccessProgram,https://theottawahospital.sharepoint.com/sites/DiagnosticImaging-CardiacFDGPETSpecialAccessProgram
https://ottawaheart.sharepoint.com/sites/DiagnosticImaging-CINurseTeamMeeting,https://theottawahospital.sharepoint.com/sites/UOHI-CardiacImaging-NurseTeam
https://ottawaheart.sharepoint.com/sites/DiagnosticImagingMRIDept,https://theottawahospital.sharepoint.com/sites/DiagnosticImagingMRIDept
https://ottawaheart.sharepoint.com/sites/DiagnosticImaging-PatientIntake,https://theottawahospital.sharepoint.com/sites/DiagnosticImaging-PatientIntake
https://ottawaheart.sharepoint.com/sites/DigitalHealthCardiacTechnology,https://theottawahospital.sharepoint.com/sites/UOHI-DigitalHealthCardiacTechnology
https://ottawaheart.sharepoint.com/sites/DigitalHealthCardiacTechnology-BudgetsandVarianceReports,https://theottawahospital.sharepoint.com/sites/UOHI-DigitalHealthCardiacTechnology-BudgetsandVarianceReports
https://ottawaheart.sharepoint.com/sites/DigitalHealthCardiacTechnology-CapitalBudgets,https://theottawahospital.sharepoint.com/sites/UOHI-DigitalHealthCardiacTechnology-CapitalTracking
https://ottawaheart.sharepoint.com/sites/DigitalHealthCardiacTechnology-CapitalMonitoringReports,https://theottawahospital.sharepoint.com/sites/UOHI-DigitalHealthCardiacTechnology-CapitalMonitoringReports
https://ottawaheart.sharepoint.com/sites/DigitalHealthCardiacTechnology-Testtracking,https://theottawahospital.sharepoint.com/sites/UOHI-DigitalHealthCardiacTechnology-Testtracking
https://ottawaheart.sharepoint.com/sites/DivisionofCardiacSurgery,https://theottawahospital.sharepoint.com/sites/UOHI-DivisionofCardiacSurgery
https://ottawaheart.sharepoint.com/sites/CyberSecurityWorkingGroup-NetworkSegmentation,https://theottawahospital.sharepoint.com/sites/UOHI-IT-CyberSecurityWorkingGroup-NetworkSegmentation
https://ottawaheart.sharepoint.com/sites/Cardiocore-InheritedArrhythmia,https://theottawahospital.sharepoint.com/sites/UOHI-Cardiocore-InheritedArrhythmia
https://ottawaheart.sharepoint.com/sites/DataScienceAICentreOversightCommittee-TechnologyProcurement,https://theottawahospital.sharepoint.com/sites/UOHI-DataScienceAICentreOversightCommittee-TechnologyProcurement
https://ottawaheart.sharepoint.com/sites/CardiacImagingRounds-InterestingCases,https://theottawahospital.sharepoint.com/sites/UOHI-CardiacImagingRounds-InterestingCases
https://ottawaheart.sharepoint.com/sites/DM-PatriciaJanine,https://theottawahospital.sharepoint.com/sites/UOHI-DM-PatriciaJanine
https://ottawaheart.sharepoint.com/sites/Dr.BirniesGroup,https://theottawahospital.sharepoint.com/sites/UOHI-Dr.BirniesGroup
https://ottawaheart.sharepoint.com/sites/Dr.Daviesclinics,https://theottawahospital.sharepoint.com/sites/UOHI-Dr.Daviesclinics
https://ottawaheart.sharepoint.com/sites/Dr.LiusLab,https://theottawahospital.sharepoint.com/sites/UOHI-Dr.LiusLab
https://ottawaheart.sharepoint.com/sites/EARLY-AFTeam,https://theottawahospital.sharepoint.com/sites/UOHI-EARLY-AFTeam
https://ottawaheart.sharepoint.com/sites/EchoFellowFarewell,https://theottawahospital.sharepoint.com/sites/UOHI-EchoFellowFarewell
https://ottawaheart.sharepoint.com/sites/ECMO_Working_Group,https://theottawahospital.sharepoint.com/sites/UOHI-ECMOWorkingGroup
https://ottawaheart.sharepoint.com/sites/EDIWorkingGroup,https://theottawahospital.sharepoint.com/sites/UOHI-IDEAWorkingGroup
https://ottawaheart.sharepoint.com/sites/EMWUsers,https://theottawahospital.sharepoint.com/sites/EMWUsers
https://ottawaheart.sharepoint.com/sites/EndocarditisHeartTeam,https://theottawahospital.sharepoint.com/sites/UOHI-EndocarditisHeartTeam-OttawaCanada
https://ottawaheart.sharepoint.com/sites/EndocarditisTeam,https://theottawahospital.sharepoint.com/sites/UOHI-EndocarditisTeam
https://ottawaheart.sharepoint.com/sites/EPCPNurses,https://theottawahospital.sharepoint.com/sites/UOHI-EPInservices
https://ottawaheart.sharepoint.com/sites/EpicStudyMedOrdering,https://theottawahospital.sharepoint.com/sites/UOHI-EpicStudyMedOrdering
https://ottawaheart.sharepoint.com/sites/EpicSupport,https://theottawahospital.sharepoint.com/sites/UOHI-EpicSupport
https://ottawaheart.sharepoint.com/sites/EpicSWAT,https://theottawahospital.sharepoint.com/sites/UOHI-EpicSWAT
https://ottawaheart.sharepoint.com/sites/EpictrainingforRC,https://theottawahospital.sharepoint.com/sites/UOHI-EpictrainingforRC
https://ottawaheart.sharepoint.com/sites/EPLadies,https://theottawahospital.sharepoint.com/sites/UOHI-EPLadies
https://ottawaheart.sharepoint.com/sites/EPResearchGroup,https://theottawahospital.sharepoint.com/sites/UOHI-EPResearchGroup
https://ottawaheart.sharepoint.com/sites/EPSTAFFPHYSICIANSQUARTERLYMEETING,https://theottawahospital.sharepoint.com/sites/UOHI-EPSTAFFPHYSICIANSQUARTERLYMEETING
https://ottawaheart.sharepoint.com/sites/ESPTest,https://theottawahospital.sharepoint.com/sites/UOHI-ESPTest
https://ottawaheart.sharepoint.com/sites/FastTrack,https://theottawahospital.sharepoint.com/sites/UOHI-FastTrack
https://ottawaheart.sharepoint.com/sites/FATeam,https://theottawahospital.sharepoint.com/sites/UOHI-Finance
https://ottawaheart.sharepoint.com/sites/Cardiology,https://theottawahospital.sharepoint.com/sites/UOHI-Cardiology
https://ottawaheart.sharepoint.com/sites/Cardiology-AACExec,https://theottawahospital.sharepoint.com/sites/UOHI-Cardiology-AACExec
https://ottawaheart.sharepoint.com/sites/Fellows2020-2021,https://theottawahospital.sharepoint.com/sites/UOHI-Fellows2020-2021
https://ottawaheart.sharepoint.com/sites/Finance-IncidentUpdated,https://theottawahospital.sharepoint.com/sites/Finance-IncidentUpdated
https://ottawaheart.sharepoint.com/sites/Financeteam,https://theottawahospital.sharepoint.com/sites/UOHI-FinanceHRteam
https://ottawaheart.sharepoint.com/sites/FinancialLeaders,https://theottawahospital.sharepoint.com/sites/UOHI-FinanceAdministration-UOHIFinancialLeaders
https://ottawaheart.sharepoint.com/sites/FinancialLeaders-B.Bowes-QualityRiskandHealthInformation,https://theottawahospital.sharepoint.com/sites/UOHI-FinanceAdministration-UOHIFinancialLeaders-B.Bowes-QualityRiskandHealthInfor
https://ottawaheart.sharepoint.com/sites/FinancialLeaders-D.Burns-FinanceandAdministration,https://theottawahospital.sharepoint.com/sites/UOHI-FinanceAdministration-UOHIFinancialLeaders-D.Burns-FinanceandAdministration
https://ottawaheart.sharepoint.com/sites/FinancialLeaders-E.Macphee-ClinicalOperations,https://theottawahospital.sharepoint.com/sites/UOHI-FinanceAdministration-UOHIFinancialLeaders-E.Macphee-ClinicalOperations
https://ottawaheart.sharepoint.com/sites/FinancialLeaders-T.Zakutney-DigitalHealthandCardiacTechnolog,https://theottawahospital.sharepoint.com/sites/UOHI-FinanceAdministration-UOHIFinancialLeaders-T.Zakutney-DigitalHealthandCardia
https://ottawaheart.sharepoint.com/sites/FinancialLeaders-V.Lamontagne-PublicAffairsandCommunications,https://theottawahospital.sharepoint.com/sites/UOHI-FinanceAdministration-UOHIFinancialLeaders-J.Kuss-PublicAffairsandCommunicat
https://ottawaheart.sharepoint.com/sites/FlorenceBacktoBasicsTraining,https://theottawahospital.sharepoint.com/sites/UOHI-FlorenceBacktoBasicsTraining
https://ottawaheart.sharepoint.com/sites/FLS2,https://theottawahospital.sharepoint.com/sites/UOHI-FLS
https://ottawaheart.sharepoint.com/sites/Foundation-MajorGifts,https://theottawahospital.sharepoint.com/sites/UOHI-Foundation-MajorGifts
https://ottawaheart.sharepoint.com/sites/Foundationupgrades,https://theottawahospital.sharepoint.com/sites/UOHI-Foundationupgrades
https://ottawaheart.sharepoint.com/sites/FRAPA-COVIDIM,https://theottawahospital.sharepoint.com/sites/UOHI-FRAPA-COVIDIM
https://ottawaheart.sharepoint.com/sites/FrenchBeginner1winter20212,https://theottawahospital.sharepoint.com/sites/UOHI-FrenchBeginner1
https://ottawaheart.sharepoint.com/sites/FrenchBeginner2winter2021,https://theottawahospital.sharepoint.com/sites/UOHI-FrenchBeginner2
https://ottawaheart.sharepoint.com/sites/FrenchIntermediate12,https://theottawahospital.sharepoint.com/sites/UOHI-FrenchIntermediate1
https://ottawaheart.sharepoint.com/sites/FrenchIntermediate2Winter2021,https://theottawahospital.sharepoint.com/sites/UOHI-FrenchIntermediate2
https://ottawaheart.sharepoint.com/sites/GCs_site,https://theottawahospital.sharepoint.com/sites/UOHI-GCs_site
https://ottawaheart.sharepoint.com/sites/H2212-CoffeeBreakandaChat,https://theottawahospital.sharepoint.com/sites/UOHI-CardiacSurgeryClinicalResearch-SummerStudents
https://ottawaheart.sharepoint.com/sites/H2212-CoffeeBreakandaChat-LTFUMICSCABG,https://theottawahospital.sharepoint.com/sites/UOHI-CardiacSurgeryClinicalResearch-SummerStudents-LTFUMICSCABG
https://ottawaheart.sharepoint.com/sites/H2212-CoffeeBreakandaChat-TITAN-Screeninglog,https://theottawahospital.sharepoint.com/sites/UOHI-CardiacSurgeryClinicalResearch-SummerStudents-TITAN-Screeninglog
https://ottawaheart.sharepoint.com/sites/haartteam,https://theottawahospital.sharepoint.com/sites/UOHI-ClinicalServiesUOHIRACETeam
https://ottawaheart.sharepoint.com/sites/HanKimLab,https://theottawahospital.sharepoint.com/sites/UOHI-HanKimLab
https://ottawaheart.sharepoint.com/sites/HanKimLab-Irx1Project,https://theottawahospital.sharepoint.com/sites/UOHI-HanKimLab-Irx1Project
https://ottawaheart.sharepoint.com/sites/HCComplianceTesting,https://theottawahospital.sharepoint.com/sites/UOHI-HCComplianceTesting
https://ottawaheart.sharepoint.com/sites/HCComplianceTesting-Site002-TOH,https://theottawahospital.sharepoint.com/sites/UOHI-HCComplianceTesting-Site002-TOH
https://ottawaheart.sharepoint.com/sites/HD,https://theottawahospital.sharepoint.com/sites/UOHI-ServiceDesk
https://ottawaheart.sharepoint.com/sites/HeartFailureInnovationHub,https://theottawahospital.sharepoint.com/sites/UOHI-HeartFailureInnovationHub
https://ottawaheart.sharepoint.com/sites/HeartFilrAdmins,https://theottawahospital.sharepoint.com/sites/UOHI-HeartFilrAdmins
https://ottawaheart.sharepoint.com/sites/HeartwiseExercise,https://theottawahospital.sharepoint.com/sites/UOHI-HWE
https://ottawaheart.sharepoint.com/sites/HeatherCosgrove,https://theottawahospital.sharepoint.com/sites/UOHI-HeatherCosgrove
https://ottawaheart.sharepoint.com/sites/HeatherCosgrove-TestSetup,https://theottawahospital.sharepoint.com/sites/UOHI-HeatherCosgrove-TestSetup
https://ottawaheart.sharepoint.com/sites/HelpDeskTechs-Cybersecurity,https://theottawahospital.sharepoint.com/sites/UOHI-ServiceDesk-Cyber-Security
https://ottawaheart.sharepoint.com/sites/HermesUpgrade,https://theottawahospital.sharepoint.com/sites/UOHI-HermesUpgrade
https://ottawaheart.sharepoint.com/sites/HFResearch,https://theottawahospital.sharepoint.com/sites/UOHI-HFResearch
https://ottawaheart.sharepoint.com/sites/HIHeartResearch,https://theottawahospital.sharepoint.com/sites/UOHI-HIHeartResearch
https://ottawaheart.sharepoint.com/sites/Cardiology-AACGroup,https://theottawahospital.sharepoint.com/sites/UOHI-Cardiology-AACGroup
https://ottawaheart.sharepoint.com/sites/Cardiology-AACmembers,https://theottawahospital.sharepoint.com/sites/UOHI-Cardiology-AACmembers
https://ottawaheart.sharepoint.com/sites/Cardiology-ATeam,https://theottawahospital.sharepoint.com/sites/UOHI-Cardiology-ATeam
https://ottawaheart.sharepoint.com/sites/HIPRC_CHPL,https://theottawahospital.sharepoint.com/sites/UOHI-CardiovascularHealthPsychologyLab
https://ottawaheart.sharepoint.com/sites/Cardiology-COVID19Coverage,https://theottawahospital.sharepoint.com/sites/UOHI-Cardiology-COVID19Coverage
https://ottawaheart.sharepoint.com/sites/Cardiology-DataandStats,https://theottawahospital.sharepoint.com/sites/UOHI-Cardiology-DataandStats
https://ottawaheart.sharepoint.com/sites/Cardiology-Inventory,https://theottawahospital.sharepoint.com/sites/UOHI-Cardiology-Inventory
https://ottawaheart.sharepoint.com/sites/Cardiology-JHSC-OACMC,https://theottawahospital.sharepoint.com/sites/UOHI-Cardiology-JHSC-OACMC
https://ottawaheart.sharepoint.com/sites/Cardiology-PostPCIClinic,https://theottawahospital.sharepoint.com/sites/UOHI-Cardiology-PostPCIClinic
https://ottawaheart.sharepoint.com/sites/HIPRC_EPCHL,https://theottawahospital.sharepoint.com/sites/UOHI-ExercisePhysiologyandCVHealthLab-CTs
https://ottawaheart.sharepoint.com/sites/HIPRC_EPCHL-Champlain-AF,https://theottawahospital.sharepoint.com/sites/UOHI-ExercisePhysiologyandCVHealthLab-CTs-Champlain-AF
https://ottawaheart.sharepoint.com/sites/HIPRC_EPCHL-CRXDisseminationGrant,https://theottawahospital.sharepoint.com/sites/UOHI-ExercisePhysiologyandCVHealthLab-CTs-CRXDisseminationGrant
https://ottawaheart.sharepoint.com/sites/HIPRC_EPCHL-EPCHL,https://theottawahospital.sharepoint.com/sites/UOHI-ExercisePhysiologyandCVHealthLab-CTs-EPCHL
https://ottawaheart.sharepoint.com/sites/HIPRC_EPCHL-FRAPA-COVID,https://theottawahospital.sharepoint.com/sites/UOHI-ExercisePhysiologyandCVHealthLab-CTs-FRAPA-COVID
https://ottawaheart.sharepoint.com/sites/HIPRC_EPCHL-Glucose-AF,https://theottawahospital.sharepoint.com/sites/UOHI-ExercisePhysiologyandCVHealthLab-CTs-Glucose-AF
https://ottawaheart.sharepoint.com/sites/HIPRC_EPCHL-NEURO-AF,https://theottawahospital.sharepoint.com/sites/UOHI-ExercisePhysiologyandCVHealthLab-CTs-NEURO-AF
https://ottawaheart.sharepoint.com/sites/HIPRC_EPCHL-OPPORTUNITY,https://theottawahospital.sharepoint.com/sites/UOHI-ExercisePhysiologyandCVHealthLab-CTs-OPPORTUNITY
https://ottawaheart.sharepoint.com/sites/HIPRC_EPCHL-Rasta-AFCIHR,https://theottawahospital.sharepoint.com/sites/UOHI-ExercisePhysiologyandCVHealthLab-CTs-Rasta-AFCIHR
https://ottawaheart.sharepoint.com/sites/HIPRC_EPCHL-Testing,https://theottawahospital.sharepoint.com/sites/UOHI-ExercisePhysiologyandCVHealthLab-CTs-HIIT-NoW
https://ottawaheart.sharepoint.com/sites/HIPRC_Psychosocial,https://theottawahospital.sharepoint.com/sites/UOHI-HIPRCPsychosocial
https://ottawaheart.sharepoint.com/sites/HIPRC-BFandVO2max,https://theottawahospital.sharepoint.com/sites/HIPRC-BFandVO2max
https://ottawaheart.sharepoint.com/sites/Cardiology-Project-KPIsSOPWorkflowWorkload,https://theottawahospital.sharepoint.com/sites/UOHI-Cardiology-Project-KPIsSOPWorkflowWorkload
https://ottawaheart.sharepoint.com/sites/HIPRCNATSQSP,https://theottawahospital.sharepoint.com/sites/UOHI-HIPRCNATSQSP
https://ottawaheart.sharepoint.com/sites/HIPRCPHACWomen'sHeartHealth,https://theottawahospital.sharepoint.com/sites/HIPRCPHACWomen'sHeartHealth
https://ottawaheart.sharepoint.com/sites/HIPRC-Psychology-Clinical,https://theottawahospital.sharepoint.com/sites/UOHI-HIPRC-Psychology-Clinical
https://ottawaheart.sharepoint.com/sites/HIPRCPsychologyTracking,https://theottawahospital.sharepoint.com/sites/HIPRCPsychologyTracking
https://ottawaheart.sharepoint.com/sites/HIPRC-PWC-CardioPrevent,https://theottawahospital.sharepoint.com/sites/UOHI-HIPRC-PWC-CardioPrevent
https://ottawaheart.sharepoint.com/sites/HIPRC-SHARE,https://theottawahospital.sharepoint.com/sites/HIPRC-SHARE
https://ottawaheart.sharepoint.com/sites/HIPRC-WatHStudy,https://theottawahospital.sharepoint.com/sites/UOHI-HIPRC-WatHStudy
https://ottawaheart.sharepoint.com/sites/HiRO,https://theottawahospital.sharepoint.com/sites/UOHI-HiRO
https://ottawaheart.sharepoint.com/sites/HotelandRemoteWorkspaces,https://theottawahospital.sharepoint.com/sites/UOHI-OfficeMoves
https://ottawaheart.sharepoint.com/sites/HRLogistics,https://theottawahospital.sharepoint.com/sites/UOHI-AgreementsCoordination
https://ottawaheart.sharepoint.com/sites/HRLogistics-MasterResearchAgreements,https://theottawahospital.sharepoint.com/sites/UOHI-AgreementsCoordination-MasterResearchAgreements
https://ottawaheart.sharepoint.com/sites/HRLogistics-OldDocuments,https://theottawahospital.sharepoint.com/sites/UOHI-AgreementsCoordination-OldDocuments
https://ottawaheart.sharepoint.com/sites/HSFmeeting,https://theottawahospital.sharepoint.com/sites/UOHI-HSFmeeting
https://ottawaheart.sharepoint.com/sites/HUMANRESOURCES-Recruitment,https://theottawahospital.sharepoint.com/sites/HUMANRESOURCES-Recruitment
https://ottawaheart.sharepoint.com/sites/HWEHKStudents202021,https://theottawahospital.sharepoint.com/sites/UOHI-HWEHKStudents
https://ottawaheart.sharepoint.com/sites/ICCUdatacollection,https://theottawahospital.sharepoint.com/sites/UOHI-ICCUdatacollection
https://ottawaheart.sharepoint.com/sites/image-hf,https://theottawahospital.sharepoint.com/sites/UOHI-IMAGE-HF
https://ottawaheart.sharepoint.com/sites/Imagingcluster,https://theottawahospital.sharepoint.com/sites/UOHI-Imagingcluster
https://ottawaheart.sharepoint.com/sites/ImpellaShockTeam,https://theottawahospital.sharepoint.com/sites/UOHI-ImpellaShockTeam
https://ottawaheart.sharepoint.com/sites/INITIATE-STIMeeting,https://theottawahospital.sharepoint.com/sites/UOHI-INITIATE-STI
https://ottawaheart.sharepoint.com/sites/InpatientPHYSIOmeeting,https://theottawahospital.sharepoint.com/sites/UOHI-InpatientPHYSIOmeetings
https://ottawaheart.sharepoint.com/sites/InternalScientificAdvisoryCommittee,https://theottawahospital.sharepoint.com/sites/UOHI-InternalScientificAdvisoryCommittee
https://ottawaheart.sharepoint.com/sites/InternationalInternshipInterview,https://theottawahospital.sharepoint.com/sites/UOHI-EXERCISE-AFStudy
https://ottawaheart.sharepoint.com/sites/InterventionalGroup2,https://theottawahospital.sharepoint.com/sites/UOHI-InterventionalGroup
https://ottawaheart.sharepoint.com/sites/Interview,https://theottawahospital.sharepoint.com/sites/UOHI-Interview
https://ottawaheart.sharepoint.com/sites/ITBackOffice,https://theottawahospital.sharepoint.com/sites/UOHI-ITBackOffice
https://ottawaheart.sharepoint.com/sites/ITBackOffice-InterviewTemplate,https://theottawahospital.sharepoint.com/sites/UOHI-ITBackOffice-InterviewTemplate
https://ottawaheart.sharepoint.com/sites/ITBackOffice-PaloAltoNetworksShare,https://theottawahospital.sharepoint.com/sites/UOHI-ITBackOffice-PaloAltoNetworksShare
https://ottawaheart.sharepoint.com/sites/ITBackOffice-VmwareAlternatives,https://theottawahospital.sharepoint.com/sites/UOHI-ITBackOffice-VmwareAlternatives
https://ottawaheart.sharepoint.com/sites/ITBackOffice-VmwareInfrastructure,https://theottawahospital.sharepoint.com/sites/UOHI-ITBackOffice-VmwareInfrastructure
https://ottawaheart.sharepoint.com/sites/Cardiology-ThethreeMusketeers,https://theottawahospital.sharepoint.com/sites/UOHI-Cardiology-ThethreeMusketeers
https://ottawaheart.sharepoint.com/sites/IT-Cybersecurity,https://theottawahospital.sharepoint.com/sites/UOHI-IT-Cybersecurity
https://ottawaheart.sharepoint.com/sites/ITCyberSecurityCommittee,https://theottawahospital.sharepoint.com/sites/UOHI-ITCyberSecurityCommittee
https://ottawaheart.sharepoint.com/sites/thecareslab-LabFiles,https://theottawahospital.sharepoint.com/sites/UOHI-SocialConnectionsLab-LabChannel
https://ottawaheart.sharepoint.com/sites/HIPRC_CHPL-CARE-TECH2,https://theottawahospital.sharepoint.com/sites/UOHI-CardiovascularHealthPsychologyLab-CT
https://ottawaheart.sharepoint.com/sites/ITDepartmentTeam,https://theottawahospital.sharepoint.com/sites/UOHI-ITDepartment
https://ottawaheart.sharepoint.com/sites/ITDepartmentTeam-BOT-SysDevappsbi-weeklymeeting,https://theottawahospital.sharepoint.com/sites/UOHI-ITDepartment-BOT-SysDevappsbi-weeklymeeting
https://ottawaheart.sharepoint.com/sites/ITDepartmentTeam-CIRCLAnonymization,https://theottawahospital.sharepoint.com/sites/UOHI-ITDepartment-CIRCLAnonymization
https://ottawaheart.sharepoint.com/sites/ITDepartmentTeam-EmergencyManagementPlans,https://theottawahospital.sharepoint.com/sites/UOHI-ITDepartment-EmergencyManagementPlans
https://ottawaheart.sharepoint.com/sites/ITDepartmentTeam-EndpointMgmtMigration,https://theottawahospital.sharepoint.com/sites/UOHI-ITDepartment-EndpointMgmtMigration
https://ottawaheart.sharepoint.com/sites/ITDepartmentTeam-GroupPolicyCommission,https://theottawahospital.sharepoint.com/sites/UOHI-ITDepartment-GroupPolicyCommission
https://ottawaheart.sharepoint.com/sites/ITDepartmentTeam-HostingSchedule-DepartmentMeetings,https://theottawahospital.sharepoint.com/sites/UOHI-ITDepartment-HostingSchedule-DepartmentMeetings
https://ottawaheart.sharepoint.com/sites/ITDepartmentTeam-IntuneMigration,https://theottawahospital.sharepoint.com/sites/UOHI-ITDepartment-IntuneMigration
https://ottawaheart.sharepoint.com/sites/ITDepartmentTeam-LANUpgradeProject-2023,https://theottawahospital.sharepoint.com/sites/UOHI-ITDepartment-LANUpgradeProject-2023
https://ottawaheart.sharepoint.com/sites/ITDepartmentTeam-TeamDevandProjectsandLearning,https://theottawahospital.sharepoint.com/sites/UOHI-ITDepartment-TeamDevandProjectsandLearning
https://ottawaheart.sharepoint.com/sites/ITDepartmentTeam-Userboardingworkflow,https://theottawahospital.sharepoint.com/sites/UOHI-ITDepartment-Userboardingworkflow
https://ottawaheart.sharepoint.com/sites/ITDepartmentTeam-VDIReplacementProject,https://theottawahospital.sharepoint.com/sites/UOHI-ITDepartment-VDIReplacementProject
https://ottawaheart.sharepoint.com/sites/ITLeadership,https://theottawahospital.sharepoint.com/sites/UOHI-ITLeadership
https://ottawaheart.sharepoint.com/sites/HIPRC_CHPL-HealingHeartsTogether,https://theottawahospital.sharepoint.com/sites/UOHI-CardiovascularHealthPsychologyLab-HealingHeartsTogether
https://ottawaheart.sharepoint.com/sites/HIPRC_CHPL-MentalHealthInterventionsforWomenwithCD,https://theottawahospital.sharepoint.com/sites/UOHI-CardiovascularHealthPsychologyLab-MentalHealthInterventionsforWomenwithCD
https://ottawaheart.sharepoint.com/sites/ITprocedureswiki,https://theottawahospital.sharepoint.com/sites/UOHI-ITprocedureswiki
https://ottawaheart.sharepoint.com/sites/ITProjectsandLearning,https://theottawahospital.sharepoint.com/sites/UOHI-ITProjectsandLearning
https://ottawaheart.sharepoint.com/sites/it-videos,https://theottawahospital.sharepoint.com/sites/it-videos
https://ottawaheart.sharepoint.com/sites/JenHEPCHL,https://theottawahospital.sharepoint.com/sites/UOHI-FitnessassessmentGroup
https://ottawaheart.sharepoint.com/sites/KATest9,https://theottawahospital.sharepoint.com/sites/UOHI-KimJames
https://ottawaheart.sharepoint.com/sites/KatieMSc,https://theottawahospital.sharepoint.com/sites/UOHI-TALK-AFKatiesMSc
https://ottawaheart.sharepoint.com/sites/KB,https://theottawahospital.sharepoint.com/sites/KB
https://ottawaheart.sharepoint.com/sites/Kelly,https://theottawahospital.sharepoint.com/sites/UOHI-Kelly
https://ottawaheart.sharepoint.com/sites/KimJames,https://theottawahospital.sharepoint.com/sites/UOHI-KimJames_lufx6r
https://ottawaheart.sharepoint.com/sites/KimMike2,https://theottawahospital.sharepoint.com/sites/UOHI-KimMike
https://ottawaheart.sharepoint.com/sites/KJTeam,https://theottawahospital.sharepoint.com/sites/UOHI-KJ
https://ottawaheart.sharepoint.com/sites/KPMGExtBusReviewCollaboration-AAC-KPMGengagement,https://theottawahospital.sharepoint.com/sites/UOHI-KPMGExtBusReviewCollaboration-AAC-KPMGengagement
https://ottawaheart.sharepoint.com/sites/LegalAffairs,https://theottawahospital.sharepoint.com/sites/UOHI-LegalAffairs
https://ottawaheart.sharepoint.com/sites/LegalAffairs-Manager-Director,https://theottawahospital.sharepoint.com/sites/UOHI-LegalAffairs-Manager-Director
https://ottawaheart.sharepoint.com/sites/Lianne-Aaron-Elizabeth,https://theottawahospital.sharepoint.com/sites/UOHI-Lianne-Aaron-Elizabeth
https://ottawaheart.sharepoint.com/sites/LSCPDIGo-Live,https://theottawahospital.sharepoint.com/sites/UOHI-LSCPDIGo-Live
https://ottawaheart.sharepoint.com/sites/Lynn,https://theottawahospital.sharepoint.com/sites/UOHI-LynnMegeney
https://ottawaheart.sharepoint.com/sites/MajorGifts,https://theottawahospital.sharepoint.com/sites/UOHI-MajorGifts
https://ottawaheart.sharepoint.com/sites/MBFdiscussion,https://theottawahospital.sharepoint.com/sites/UOHI-MBFdiscussion
https://ottawaheart.sharepoint.com/sites/MBFGroup,https://theottawahospital.sharepoint.com/sites/UOHI-MBFGroup
https://ottawaheart.sharepoint.com/sites/MedicalAffairsPermissionDiscussion,https://theottawahospital.sharepoint.com/sites/UOHI-MedicalAffairsAccessDiscussion
https://ottawaheart.sharepoint.com/sites/MedicalandScientificStaffAssoc.QuartMeetings,https://theottawahospital.sharepoint.com/sites/UOHI-MedicalandScientificStaffAssociationQuarterlyMeetings
https://ottawaheart.sharepoint.com/sites/MediSmartUpgrade,https://theottawahospital.sharepoint.com/sites/UOHI-MediSmartUpgrade
https://ottawaheart.sharepoint.com/sites/Meeting,https://theottawahospital.sharepoint.com/sites/UOHI-GNandUOHIHeartHealthPromotionWorkingGroup
https://ottawaheart.sharepoint.com/sites/Meetings,https://theottawahospital.sharepoint.com/sites/UOHI-Meetings
https://ottawaheart.sharepoint.com/sites/MGLGComms,https://theottawahospital.sharepoint.com/sites/UOHI-MGLGComms
https://ottawaheart.sharepoint.com/sites/MitraClipRounds,https://theottawahospital.sharepoint.com/sites/UOHI-ClipRounds
https://ottawaheart.sharepoint.com/sites/MortalityandMorbidityCommittee,https://theottawahospital.sharepoint.com/sites/UOHI-MortalityandMorbidityCommittee
https://ottawaheart.sharepoint.com/sites/msteams_1b7cc7_164758,https://theottawahospital.sharepoint.com/sites/UOHI-ClinicalServicesCathEPStaffAssignments
https://ottawaheart.sharepoint.com/sites/msteams_1f6770_314598,https://theottawahospital.sharepoint.com/sites/UOHI-HIPRCWaitingforCardiacRehabClass
https://ottawaheart.sharepoint.com/sites/msteams_27262f_657080,https://theottawahospital.sharepoint.com/sites/UOHI-CardiacSurgeryPerioperativeCareBook
https://ottawaheart.sharepoint.com/sites/msteams_2eb8fa_488236,https://theottawahospital.sharepoint.com/sites/UOHI-DIPETListmodeStandard
https://ottawaheart.sharepoint.com/sites/msteams_7c26a3_705097,https://theottawahospital.sharepoint.com/sites/UOHI-CriticalCareCardiacProceduresCommitteeformerlyLifeSuppo
https://ottawaheart.sharepoint.com/sites/msteams_b45c70_799402,https://theottawahospital.sharepoint.com/sites/UOHI-ErikasTeam
https://ottawaheart.sharepoint.com/sites/msteams_b45c70_799402-APNs,https://theottawahospital.sharepoint.com/sites/UOHI-ErikasTeam-APNs
https://ottawaheart.sharepoint.com/sites/msteams_b45c70_799402-ClinicalManagers,https://theottawahospital.sharepoint.com/sites/UOHI-ErikasTeam-ClinicalManagers
https://ottawaheart.sharepoint.com/sites/msteams_b45c70_799402-NurseCoordinators,https://theottawahospital.sharepoint.com/sites/UOHI-ErikasTeam-NurseCoordinators
https://ottawaheart.sharepoint.com/sites/msteams_b45c70_799402-PatientWhiteboardCommittee,https://theottawahospital.sharepoint.com/sites/UOHI-ErikasTeam-PatientWhiteboardCommittee
https://ottawaheart.sharepoint.com/sites/msteams_b45c70_799402-TriageCoordinator,https://theottawahospital.sharepoint.com/sites/UOHI-ErikasTeam-TriageCoordinator
https://ottawaheart.sharepoint.com/sites/msteams_bb36c0_840640,https://theottawahospital.sharepoint.com/sites/UOHI-HIPRCInitiateTeam
https://ottawaheart.sharepoint.com/sites/msteams_c83c4a_403249,https://theottawahospital.sharepoint.com/sites/UOHI-ClinicalAdminTeam
https://ottawaheart.sharepoint.com/sites/msteams_da22d0_394986,https://theottawahospital.sharepoint.com/sites/UOHI-ClinicalResearchElectrophysiologyOCEANAdjudicationflies
https://ottawaheart.sharepoint.com/sites/msteams_f4110d_462693,https://theottawahospital.sharepoint.com/sites/UOHI-ResearchDMPWorkingGroup
https://ottawaheart.sharepoint.com/sites/MultimediaTeam,https://theottawahospital.sharepoint.com/sites/UOHI-MultimediaTeam
https://ottawaheart.sharepoint.com/sites/myWorkspace,https://theottawahospital.sharepoint.com/sites/UOHI-myWorkspace
https://ottawaheart.sharepoint.com/sites/NATS,https://theottawahospital.sharepoint.com/sites/UOHI-NATS
https://ottawaheart.sharepoint.com/sites/NicCag,https://theottawahospital.sharepoint.com/sites/UOHI-NicCag
https://ottawaheart.sharepoint.com/sites/NuclearandStressOperations,https://theottawahospital.sharepoint.com/sites/UOHI-NuclearandStressOperations
https://ottawaheart.sharepoint.com/sites/NursingClinicalPracticeCommittee,https://theottawahospital.sharepoint.com/sites/UOHI-NursingClinicalPracticeCommittee
https://ottawaheart.sharepoint.com/sites/nursingcoordinators,https://theottawahospital.sharepoint.com/sites/UOHI-nursingcoordinators
https://ottawaheart.sharepoint.com/sites/nursingcoordinators906,https://theottawahospital.sharepoint.com/sites/UOHI-nursingcoordinators_3cbx6r
https://ottawaheart.sharepoint.com/sites/O356Project,https://theottawahospital.sharepoint.com/sites/UOHI-O356Project
https://ottawaheart.sharepoint.com/sites/HIPRC_CHPL-SCAD2,https://theottawahospital.sharepoint.com/sites/UOHI-CardiovascularHealthPsychologyLab-SCAD2
https://ottawaheart.sharepoint.com/sites/OfficeoftheCEO,https://theottawahospital.sharepoint.com/sites/OfficeoftheCEO
https://ottawaheart.sharepoint.com/sites/OHIRC_HR,https://theottawahospital.sharepoint.com/sites/UOHI-OHIRCHR
https://ottawaheart.sharepoint.com/sites/OHIRC_Improvements,https://theottawahospital.sharepoint.com/sites/UOHI-OHIRCImprovements
https://ottawaheart.sharepoint.com/sites/OHIRCCRStrategicSteeringCommittee,https://theottawahospital.sharepoint.com/sites/UOHI-OHIRCCRStrategicSteeringCommittee
https://ottawaheart.sharepoint.com/sites/OHIRCFinance-Sparkrock365,https://theottawahospital.sharepoint.com/sites/OHIRCFinance-Sparkrock365
https://ottawaheart.sharepoint.com/sites/OHIRCResearchRestartCommittee,https://theottawahospital.sharepoint.com/sites/UOHI-OHIRCResearchRestartCommittee
https://ottawaheart.sharepoint.com/sites/OHSBMeeting,https://theottawahospital.sharepoint.com/sites/UOHI-OHSBMeeting
https://ottawaheart.sharepoint.com/sites/OMSCBudget,https://theottawahospital.sharepoint.com/sites/OMSCBudget
https://ottawaheart.sharepoint.com/sites/OMSCORF-REStream2,https://theottawahospital.sharepoint.com/sites/OMSCORF-REStream2
https://ottawaheart.sharepoint.com/sites/OMSCTeam,https://theottawahospital.sharepoint.com/sites/UOHI-OttawaModelforSmokingCessation
https://ottawaheart.sharepoint.com/sites/OMSCTeam-AUTOENROLLPilot,https://theottawahospital.sharepoint.com/sites/UOHI-OttawaModelforSmokingCessation-AUTOENROLLPilot
https://ottawaheart.sharepoint.com/sites/OMSCTeam-KTTeam,https://theottawahospital.sharepoint.com/sites/UOHI-OttawaModelforSmokingCessation-COVIDManuscript
https://ottawaheart.sharepoint.com/sites/OMSCTeam-OUTPTPilot,https://theottawahospital.sharepoint.com/sites/UOHI-OttawaModelforSmokingCessation-OUTPTPilot
https://ottawaheart.sharepoint.com/sites/OMSCTeam-Phase2Revisions2024,https://theottawahospital.sharepoint.com/sites/UOHI-OttawaModelforSmokingCessation-Phase2Revisions2024
https://ottawaheart.sharepoint.com/sites/OMSCTeam-StepOneEvaluation,https://theottawahospital.sharepoint.com/sites/UOHI-OttawaModelforSmokingCessation-LongTermOutcomesEvaluation
https://ottawaheart.sharepoint.com/sites/OnsiteActivitiesUpdate,https://theottawahospital.sharepoint.com/sites/UOHI-OnsiteActivitiesUpdate
https://ottawaheart.sharepoint.com/sites/ORSchedulingTeam,https://theottawahospital.sharepoint.com/sites/UOHI-ORSchedulingTeam
https://ottawaheart.sharepoint.com/sites/OutpatientPHYSIOmeetings,https://theottawahospital.sharepoint.com/sites/UOHI-HIPRCLeaders
https://ottawaheart.sharepoint.com/sites/PalliativeCarePsychologySW,https://theottawahospital.sharepoint.com/sites/UOHI-PalliativeCarePsychologySW
https://ottawaheart.sharepoint.com/sites/PatchManagement,https://theottawahospital.sharepoint.com/sites/UOHI-ClientTechPatchManagement
https://ottawaheart.sharepoint.com/sites/PatientEngagementCommitteeforORACLECompetition,https://theottawahospital.sharepoint.com/sites/UOHI-PatientEngagementCommitteeforORACLECompetition
https://ottawaheart.sharepoint.com/sites/Patientvisiting,https://theottawahospital.sharepoint.com/sites/UOHI-Patientvisiting
https://ottawaheart.sharepoint.com/sites/PCIfellows,https://theottawahospital.sharepoint.com/sites/UOHI-PCIfellows
https://ottawaheart.sharepoint.com/sites/PCIfellows-PCIshowandtell,https://theottawahospital.sharepoint.com/sites/UOHI-PCIfellows-PCIshowandtell
https://ottawaheart.sharepoint.com/sites/PCIResearchGroup,https://theottawahospital.sharepoint.com/sites/UOHI-PCIResearchTeam
https://ottawaheart.sharepoint.com/sites/periopsaccreditation,https://theottawahospital.sharepoint.com/sites/UOHI-ClinicalServices-PeriopsAccreditation
https://ottawaheart.sharepoint.com/sites/PersonalWork,https://theottawahospital.sharepoint.com/sites/UOHI-PersonalWork
https://ottawaheart.sharepoint.com/sites/PETCoreLab,https://theottawahospital.sharepoint.com/sites/UOHI-PETCoreLab
https://ottawaheart.sharepoint.com/sites/PETNuclearStressmeeting,https://theottawahospital.sharepoint.com/sites/UOHI-PETNuclearStresstechs
https://ottawaheart.sharepoint.com/sites/PETOperations,https://theottawahospital.sharepoint.com/sites/UOHI-PETOperations
https://ottawaheart.sharepoint.com/sites/PhilipsPICiXUpgrade,https://theottawahospital.sharepoint.com/sites/UOHI-PhilipsPICiXUpgrade
https://ottawaheart.sharepoint.com/sites/PhysiotherapyProfessional,https://theottawahospital.sharepoint.com/sites/UOHI-PhysiotherapyProfessionalLeaderSeniorPT
https://ottawaheart.sharepoint.com/sites/PoCEndpointProtectionTesters,https://theottawahospital.sharepoint.com/sites/UOHI-CortexXDRDeployment
https://ottawaheart.sharepoint.com/sites/policyoffice,https://theottawahospital.sharepoint.com/sites/UOHI-ClinicalServices-PolicyOffice
https://ottawaheart.sharepoint.com/sites/HIPRC_CHPL-SOLACE,https://theottawahospital.sharepoint.com/sites/UOHI-CardiovascularHealthPsychologyLab-SOLACE
https://ottawaheart.sharepoint.com/sites/PORU,https://theottawahospital.sharepoint.com/sites/UOHI-Research-PORU
https://ottawaheart.sharepoint.com/sites/PreAblationClass,https://theottawahospital.sharepoint.com/sites/UOHI-PreAblationClass
https://ottawaheart.sharepoint.com/sites/PREDICT-TAA,https://theottawahospital.sharepoint.com/sites/UOHI-ClinicalResearch-PREDICT-TAA
https://ottawaheart.sharepoint.com/sites/PreventandWellnessCentre,https://theottawahospital.sharepoint.com/sites/PreventandWellnessCentre
https://ottawaheart.sharepoint.com/sites/PreventionWellnessCWHHC,https://theottawahospital.sharepoint.com/sites/UOHI-CWHHCCWHHASPWC
https://ottawaheart.sharepoint.com/sites/PrivacyandSecurity,https://theottawahospital.sharepoint.com/sites/UOHI-PrivacyandSecurity
https://ottawaheart.sharepoint.com/sites/PRKAG2,https://theottawahospital.sharepoint.com/sites/UOHI-VTrounds
https://ottawaheart.sharepoint.com/sites/PsychosocialRounds,https://theottawahospital.sharepoint.com/sites/UOHI-PsychosocialRounds
https://ottawaheart.sharepoint.com/sites/PulmonaryHemorrhage,https://theottawahospital.sharepoint.com/sites/UOHI-PulmonaryHemorrhage
https://ottawaheart.sharepoint.com/sites/PWC,https://theottawahospital.sharepoint.com/sites/UOHI-PWC
https://ottawaheart.sharepoint.com/sites/Q-matic,https://theottawahospital.sharepoint.com/sites/UOHI-Q-matic
https://ottawaheart.sharepoint.com/sites/QOCC,https://theottawahospital.sharepoint.com/sites/UOHI-QOCC
https://ottawaheart.sharepoint.com/sites/Quality-AccessibilityCommittee,https://theottawahospital.sharepoint.com/sites/UOHI-ClinicalServices-Quality-Risk-HealthInformationB.Bowes-AccessibilityCommitte
https://ottawaheart.sharepoint.com/sites/Quality-BBowes,https://theottawahospital.sharepoint.com/sites/UOHI-ClinicalServices-Quality-Risk-HealthInformationB.Bowes-BBowes
https://ottawaheart.sharepoint.com/sites/Quality-BCAAudits,https://theottawahospital.sharepoint.com/sites/UOHI-ClinicalServices-Quality-Risk-HealthInformationB.Bowes-EpicBCAAudits
https://ottawaheart.sharepoint.com/sites/Quality-CardiacRehabandPrevention,https://theottawahospital.sharepoint.com/sites/UOHI-ClinicalServices-Quality-Risk-HealthInformationB.Bowes-CardiacPreventionandR
https://ottawaheart.sharepoint.com/sites/Quality-Co-opProgram,https://theottawahospital.sharepoint.com/sites/UOHI-ClinicalServices-Quality-Risk-HealthInformationB.Bowes-Co-opProgram
https://ottawaheart.sharepoint.com/sites/Quality-CPRCommittee,https://theottawahospital.sharepoint.com/sites/UOHI-ClinicalServices-Quality-Risk-HealthInformationB.Bowes-CPRCommittee
https://ottawaheart.sharepoint.com/sites/Quality-DataGovernanceCommittee,https://theottawahospital.sharepoint.com/sites/UOHI-ClinicalServices-Quality-Risk-HealthInformationB.Bowes-DataGovernanceCommitt
https://ottawaheart.sharepoint.com/sites/Quality-EducationCommittee,https://theottawahospital.sharepoint.com/sites/UOHI-ClinicalServices-Quality-Risk-HealthInformationB.Bowes-EducationCommittee
https://ottawaheart.sharepoint.com/sites/Quality-EmergencyPreparednessCommittee,https://theottawahospital.sharepoint.com/sites/UOHI-ClinicalServices-Quality-Risk-HealthInformationB.Bowes-EmergencyManagementCo
https://ottawaheart.sharepoint.com/sites/Quality-EMPaCT,https://theottawahospital.sharepoint.com/sites/Quality-EMPaCT
https://ottawaheart.sharepoint.com/sites/Quality-EnterpriseRiskManagementERM,https://theottawahospital.sharepoint.com/sites/UOHI-ClinicalServices-Quality-Risk-HealthInformationB.Bowes-EnterpriseRiskManagem
https://ottawaheart.sharepoint.com/sites/Quality-Leaders,https://theottawahospital.sharepoint.com/sites/UOHI-ClinicalServices-Quality-Risk-HealthInformationB.Bowes-Leaders
https://ottawaheart.sharepoint.com/sites/Quality-MortalityReviewCommittee,https://theottawahospital.sharepoint.com/sites/UOHI-ClinicalServices-Quality-Risk-HealthInformationB.Bowes-MortalityReviewCommit
https://ottawaheart.sharepoint.com/sites/Quality-MortalityReviewCommittee-CardiacSurgery,https://theottawahospital.sharepoint.com/sites/UOHI-ClinicalServices-Quality-Risk-HealthInformationB.Bowes-MortalityReviewCo2
https://ottawaheart.sharepoint.com/sites/Quality-NGGProgram,https://theottawahospital.sharepoint.com/sites/UOHI-ClinicalServices-Quality-Risk-HealthInformationB.Bowes-NGGProgram
https://ottawaheart.sharepoint.com/sites/Quality-PatientRelations,https://theottawahospital.sharepoint.com/sites/UOHI-ClinicalServices-Quality-Risk-HealthInformationB.Bowes-PatientRelationsRiskM
https://ottawaheart.sharepoint.com/sites/Quality-PatientrelationsandRiskmanagement,https://theottawahospital.sharepoint.com/sites/UOHI-Quality-PatientrelationsandRiskmanagement
https://ottawaheart.sharepoint.com/sites/CardiacPharmacy-Opioidstewardship,https://theottawahospital.sharepoint.com/sites/UOHI-CardiacPharmacy-Opioidstewardship
https://ottawaheart.sharepoint.com/sites/CardiacPharmacy-UOHIPGY2,https://theottawahospital.sharepoint.com/sites/UOHI-CardiacPharmacy-UOHIPGY2
https://ottawaheart.sharepoint.com/sites/Quality-PatientSafetyReviewCommittee,https://theottawahospital.sharepoint.com/sites/UOHI-ClinicalServices-Quality-Risk-HealthInformationB.Bowes-PatientSafetyReviewCo
https://ottawaheart.sharepoint.com/sites/Quality-Quality-PatientSafety,https://theottawahospital.sharepoint.com/sites/UOHI-ClinicalServices-Quality-Risk-HealthInformationB.Bowes-QualityDepartment
https://ottawaheart.sharepoint.com/sites/Quality-Quality-Risk-Privacy-Data,https://theottawahospital.sharepoint.com/sites/UOHI-ClinicalServices-Quality-Risk-HealthInformationB.Bowes-Quality-Risk-Privacy-
https://ottawaheart.sharepoint.com/sites/Quality-Quality-RiskTeam,https://theottawahospital.sharepoint.com/sites/UOHI-ClinicalServices-Quality-Risk-HealthInformationB.Bowes-QualityTeam
https://ottawaheart.sharepoint.com/sites/Quality-ROSCReview,https://theottawahospital.sharepoint.com/sites/UOHI-ClinicalServices-Quality-Risk-HealthInformationB.Bowes-ROSCReview
https://ottawaheart.sharepoint.com/sites/Quality-TOHCPRCommittee,https://theottawahospital.sharepoint.com/sites/UOHI-ClinicalServices-Quality-Risk-HealthInformationB.Bowes-TOHCPRCommittee
https://ottawaheart.sharepoint.com/sites/CardiacPharmacy-UOHISafeMedicationPracticesCommittee,https://theottawahospital.sharepoint.com/sites/UOHI-CardiacPharmacy-UOHISafeMedicationPracticesCommittee
https://ottawaheart.sharepoint.com/sites/Quality-UOHIGreenHeartInitiatives,https://theottawahospital.sharepoint.com/sites/UOHI-GreenHeartTeam
https://ottawaheart.sharepoint.com/sites/AACManagement-AACBillings,https://theottawahospital.sharepoint.com/sites/UOHI-AACManagement-AACBillings
https://ottawaheart.sharepoint.com/sites/Radiochemistry,https://theottawahospital.sharepoint.com/sites/UOHI-Radiochemistry
https://ottawaheart.sharepoint.com/sites/AACManagement-AACFinance,https://theottawahospital.sharepoint.com/sites/UOHI-AACManagement-AACFinance
https://ottawaheart.sharepoint.com/sites/RASi,https://theottawahospital.sharepoint.com/sites/UOHI-RASi
https://ottawaheart.sharepoint.com/sites/REDCapMeeting,https://theottawahospital.sharepoint.com/sites/UOHI-REDCapMeeting
https://ottawaheart.sharepoint.com/sites/ReedFamily,https://theottawahospital.sharepoint.com/sites/UOHI-ReedFamily
https://ottawaheart.sharepoint.com/sites/Remotevideomonitoringproject,https://theottawahospital.sharepoint.com/sites/UOHI-Remotevideomonitoringproject
https://ottawaheart.sharepoint.com/sites/renalbloodflow,https://theottawahospital.sharepoint.com/sites/UOHI-Research-RenalBloodFlow
https://ottawaheart.sharepoint.com/sites/ResearchAdministration-ReferenceGuideWorkingGroup,https://theottawahospital.sharepoint.com/sites/UOHI-ResearchAdministration-ReferenceGuideWorkingGroup
https://ottawaheart.sharepoint.com/sites/Research-BHCDPTeam,https://theottawahospital.sharepoint.com/sites/UOHI-ARCHIMEDESTeam
https://ottawaheart.sharepoint.com/sites/Research-CardiacElectrophysiologyLaboratory,https://theottawahospital.sharepoint.com/sites/UOHI-Research-CardiacElectrophysiologyLaboratory
https://ottawaheart.sharepoint.com/sites/Research-CardiacElectrophysiologyLaboratory-MS-Wnt5a-Jerry,https://theottawahospital.sharepoint.com/sites/UOHI-Research-CardiacElectrophysiologyLaboratory-MS-Wnt5a-Jerry
https://ottawaheart.sharepoint.com/sites/Research-CardiacElectrophysiologyLaboratory-Project-GABA,https://theottawahospital.sharepoint.com/sites/UOHI-Research-CardiacElectrophysiologyLaboratory-Project-GABA
https://ottawaheart.sharepoint.com/sites/Research-CardiacElectrophysiologyLaboratory-Project-iPSC,https://theottawahospital.sharepoint.com/sites/UOHI-Research-CardiacElectrophysiologyLaboratory-Project-iPSC
https://ottawaheart.sharepoint.com/sites/Research-CardiacElectrophysiologyLaboratory-Project-NRVM-fandm,https://theottawahospital.sharepoint.com/sites/UOHI-Research-CardiacElectrophysiologyLaboratory-Project-NRVM-fandm
https://ottawaheart.sharepoint.com/sites/Research-CardiacElectrophysiologyLaboratory-Project-Tbx3,https://theottawahospital.sharepoint.com/sites/UOHI-Research-CardiacElectrophysiologyLaboratory-Project-Tbx3
https://ottawaheart.sharepoint.com/sites/Research-CardiacElectrophysiologyLaboratory-Project-Wnt5a,https://theottawahospital.sharepoint.com/sites/UOHI-Research-CardiacElectrophysiologyLaboratory-Project-Wnt5a
https://ottawaheart.sharepoint.com/sites/Research-CardiacSurgery-ValveEngineeringLaboratory,https://theottawahospital.sharepoint.com/sites/Research-CardiacSurgery-ValveEngineeringLaboratory
https://ottawaheart.sharepoint.com/sites/AACManagement-ADPImplementation,https://theottawahospital.sharepoint.com/sites/UOHI-AACManagement-ADPImplementation
https://ottawaheart.sharepoint.com/sites/Research-CoreFacilities,https://theottawahospital.sharepoint.com/sites/UOHI-Research-CoreFacilities
https://ottawaheart.sharepoint.com/sites/Research-CSO,https://theottawahospital.sharepoint.com/sites/UOHI-Research-CSO
https://ottawaheart.sharepoint.com/sites/ResearchDataScienceCentre,https://theottawahospital.sharepoint.com/sites/UOHI-Research-DataScienceCentre
https://ottawaheart.sharepoint.com/sites/Research-ElectrophysiologyResearchHiRO-HCM,https://theottawahospital.sharepoint.com/sites/Research-ElectrophysiologyResearchHiRO-HCM
https://ottawaheart.sharepoint.com/sites/Research-MirLab,https://theottawahospital.sharepoint.com/sites/UOHI-Research-MirLab
https://ottawaheart.sharepoint.com/sites/ResearchMitigationPlan,https://theottawahospital.sharepoint.com/sites/UOHI-ResearchProcesses
https://ottawaheart.sharepoint.com/sites/Research-ResearchServices,https://theottawahospital.sharepoint.com/sites/UOHI-Research-ResearchServices
https://ottawaheart.sharepoint.com/sites/ResearchServices,https://theottawahospital.sharepoint.com/sites/UOHI-ResearchAdministration
https://ottawaheart.sharepoint.com/sites/ResearchServices845,https://theottawahospital.sharepoint.com/sites/UOHI-ResearchServices
https://ottawaheart.sharepoint.com/sites/ResearchServices845-CivicCampusFunctionalPlanning,https://theottawahospital.sharepoint.com/sites/UOHI-ResearchServices-CivicCampusFunctionalPlanning
https://ottawaheart.sharepoint.com/sites/AACManagement-ExtBusReview,https://theottawahospital.sharepoint.com/sites/UOHI-AACManagement-ExtBusReview
https://ottawaheart.sharepoint.com/sites/AACManagement-HR,https://theottawahospital.sharepoint.com/sites/UOHI-AACManagement-HR
https://ottawaheart.sharepoint.com/sites/AACManagement-MOHAdvancePayments,https://theottawahospital.sharepoint.com/sites/UOHI-AACManagement-MOHAdvancePayments
https://ottawaheart.sharepoint.com/sites/AACManagement-RADashboard,https://theottawahospital.sharepoint.com/sites/UOHI-AACManagement-RADashboard
https://ottawaheart.sharepoint.com/sites/Research-TAA-AI,https://theottawahospital.sharepoint.com/sites/UOHI-Research-TAA-AI
https://ottawaheart.sharepoint.com/sites/REVAD,https://theottawahospital.sharepoint.com/sites/UOHI-REVAD
https://ottawaheart.sharepoint.com/sites/RevascClinic,https://theottawahospital.sharepoint.com/sites/UOHI-RevascClinic
https://ottawaheart.sharepoint.com/sites/RevascularizationHeartTeam,https://theottawahospital.sharepoint.com/sites/UOHI-RevascularizationHeartTeam
https://ottawaheart.sharepoint.com/sites/RFP-ContinuousCardiacMonitor,https://theottawahospital.sharepoint.com/sites/UOHI-RFP-ContinuousCardiacMonitor
https://ottawaheart.sharepoint.com/sites/RFPforpreclinicalresearchPETCT,https://theottawahospital.sharepoint.com/sites/UOHI-PETCTStakeholdermeeting
https://ottawaheart.sharepoint.com/sites/RNinterview,https://theottawahospital.sharepoint.com/sites/UOHI-RNinterview
https://ottawaheart.sharepoint.com/sites/RobBeanlds,https://theottawahospital.sharepoint.com/sites/UOHI-Dr.RobBeanlands
https://ottawaheart.sharepoint.com/sites/ROSCQIProject,https://theottawahospital.sharepoint.com/sites/UOHI-CardiacRehabilitation-ROSCQIProject
https://ottawaheart.sharepoint.com/sites/RotsteinLab,https://theottawahospital.sharepoint.com/sites/UOHI-RotsteinLab
https://ottawaheart.sharepoint.com/sites/AACManagement-TaskTracking,https://theottawahospital.sharepoint.com/sites/UOHI-AACManagement-TaskTracking
https://ottawaheart.sharepoint.com/sites/BME-ClinicalEng,https://theottawahospital.sharepoint.com/sites/UOHI-BiomedicalEngineering-ClinicalEng
https://ottawaheart.sharepoint.com/sites/BME-CMMSReplacement,https://theottawahospital.sharepoint.com/sites/UOHI-BiomedicalEngineering-CMMSReplacement
https://ottawaheart.sharepoint.com/sites/BME-JobDescriptionUpdate,https://theottawahospital.sharepoint.com/sites/UOHI-BiomedicalEngineering-JobDescriptionUpdate
https://ottawaheart.sharepoint.com/sites/BME-On-boarding,https://theottawahospital.sharepoint.com/sites/UOHI-BiomedicalEngineering-On-boarding
https://ottawaheart.sharepoint.com/sites/Rounds255,https://theottawahospital.sharepoint.com/sites/UOHI-Rounds
https://ottawaheart.sharepoint.com/sites/ruby-ai,https://theottawahospital.sharepoint.com/sites/UOHI-CardiacImagingRUBY-AI
https://ottawaheart.sharepoint.com/sites/SASurgicalAssistantsMeeting,https://theottawahospital.sharepoint.com/sites/UOHI-SASurgicalAssistantsMeeting
https://ottawaheart.sharepoint.com/sites/ServiceNow,https://theottawahospital.sharepoint.com/sites/UOHI-SNImplementation
https://ottawaheart.sharepoint.com/sites/BME-TimandStephWeeklyTouchpoint,https://theottawahospital.sharepoint.com/sites/UOHI-BiomedicalEngineering-TimandStephWeeklyTouchpoint
https://ottawaheart.sharepoint.com/sites/SmokingCessation,https://theottawahospital.sharepoint.com/sites/UOHI-SmokingCessation
https://ottawaheart.sharepoint.com/sites/Socialnight,https://theottawahospital.sharepoint.com/sites/UOHI-Socialnight
https://ottawaheart.sharepoint.com/sites/SOPReviewCommittee,https://theottawahospital.sharepoint.com/sites/UOHI-SOPReviewCommittee
https://ottawaheart.sharepoint.com/sites/SpaceLabsEvaluation,https://theottawahospital.sharepoint.com/sites/UOHI-KPMGExtBusReviewCollaboration
https://ottawaheart.sharepoint.com/sites/SSIDiscussion,https://theottawahospital.sharepoint.com/sites/UOHI-SSIDiscussion
https://ottawaheart.sharepoint.com/sites/StatsBudgetReporting,https://theottawahospital.sharepoint.com/sites/UOHI-StatsBudgetReporting
https://ottawaheart.sharepoint.com/sites/STS4.0Traning,https://theottawahospital.sharepoint.com/sites/UOHI-TITANProgram
https://ottawaheart.sharepoint.com/sites/STSdatacollection,https://theottawahospital.sharepoint.com/sites/UOHI-STSdatacollection
https://ottawaheart.sharepoint.com/sites/STSdatacollection-MRNpermodule,https://theottawahospital.sharepoint.com/sites/UOHI-STSdatacollection-MRNpermodule
https://ottawaheart.sharepoint.com/sites/STSdatacollection-RSV,https://theottawahospital.sharepoint.com/sites/UOHI-STSdatacollection-RSV
https://ottawaheart.sharepoint.com/sites/STSdatacollection-TAVR,https://theottawahospital.sharepoint.com/sites/UOHI-STSdatacollection-TAVRandambcaresurvey
https://ottawaheart.sharepoint.com/sites/StudyStartupMeeting-COVIDRASi,https://theottawahospital.sharepoint.com/sites/UOHI-StudyStartupMeeting-COVIDRASi
https://ottawaheart.sharepoint.com/sites/SuzannesTeam,https://theottawahospital.sharepoint.com/sites/UOHI-DianasTeam
https://ottawaheart.sharepoint.com/sites/svt_ablation_complications_outcomes,https://theottawahospital.sharepoint.com/sites/UOHI-SVTablationcomplicationoutcomes
https://ottawaheart.sharepoint.com/sites/TACMeeting-April162020,https://theottawahospital.sharepoint.com/sites/UOHI-TACMeeting-April162020
https://ottawaheart.sharepoint.com/sites/TAVI,https://theottawahospital.sharepoint.com/sites/UOHI-TAVI
https://ottawaheart.sharepoint.com/sites/TeamLee,https://theottawahospital.sharepoint.com/sites/UOHI-TeamWallace
https://ottawaheart.sharepoint.com/sites/TelusAAEPPOM,https://theottawahospital.sharepoint.com/sites/UOHI-TelusAAEPPOM
https://ottawaheart.sharepoint.com/sites/test1,https://theottawahospital.sharepoint.com/sites/UOHI-test1
https://ottawaheart.sharepoint.com/sites/Test19,https://theottawahospital.sharepoint.com/sites/UOHI-StellarStudy
https://ottawaheart.sharepoint.com/sites/TestGroupwithHD,https://theottawahospital.sharepoint.com/sites/UOHI-AndrewsTestTeam
https://ottawaheart.sharepoint.com/sites/testing338,https://theottawahospital.sharepoint.com/sites/UOHI-EXCEED-WomensExerciseTrialIntervention
https://ottawaheart.sharepoint.com/sites/TestPlannerProject,https://theottawahospital.sharepoint.com/sites/UOHI-AdminOn-Call
https://ottawaheart.sharepoint.com/sites/testselection,https://theottawahospital.sharepoint.com/sites/UOHI-CardiacImaging-TestSelection
https://ottawaheart.sharepoint.com/sites/Testsite,https://theottawahospital.sharepoint.com/sites/Testsite
https://ottawaheart.sharepoint.com/sites/testtest,https://theottawahospital.sharepoint.com/sites/testtest
https://ottawaheart.sharepoint.com/sites/TestwithBilly,https://theottawahospital.sharepoint.com/sites/TestwithBilly
https://ottawaheart.sharepoint.com/sites/TestwithDr.JanetNguandBethWallace,https://theottawahospital.sharepoint.com/sites/UOHI-RoundswithDr.J.Ngu
https://ottawaheart.sharepoint.com/sites/thecareslab,https://theottawahospital.sharepoint.com/sites/UOHI-SocialConnectionsLab
https://ottawaheart.sharepoint.com/sites/UOHI-BME,https://theottawahospital.sharepoint.com/sites/UOHI-BiomedicalEngineering
https://ottawaheart.sharepoint.com/sites/ThinkTank20202021,https://theottawahospital.sharepoint.com/sites/UOHI-Solstudiesandfiles
https://ottawaheart.sharepoint.com/sites/uohi_archimedes,https://theottawahospital.sharepoint.com/sites/UOHI-ARCHIMEDES
https://ottawaheart.sharepoint.com/sites/UOHI_Information_Technology,https://theottawahospital.sharepoint.com/sites/UOHI-InformationTechnology
https://ottawaheart.sharepoint.com/sites/UOHI-AACFinance,https://theottawahospital.sharepoint.com/sites/UOHI-AACFinanceExec
https://ottawaheart.sharepoint.com/sites/UOHI-ACHD-Sickkids,https://theottawahospital.sharepoint.com/sites/UOHI-ACHD-Sickkids
https://ottawaheart.sharepoint.com/sites/UOHIAMOBoard,https://theottawahospital.sharepoint.com/sites/UOHI-AMOBoard
https://ottawaheart.sharepoint.com/sites/UOHIAMOManagementCommittee,https://theottawahospital.sharepoint.com/sites/UOHI-AMOManagementCommittee
https://ottawaheart.sharepoint.com/sites/UOHI-ApplicationDevTeam,https://theottawahospital.sharepoint.com/sites/UOHI-ApplicationDevTeam
https://ottawaheart.sharepoint.com/sites/AMC-AnalysisGroup,https://theottawahospital.sharepoint.com/sites/UOHI-AMC-AnalysisGroup
https://ottawaheart.sharepoint.com/sites/UOHI-AWARE2,https://theottawahospital.sharepoint.com/sites/UOHI-ClinicalResearch-AWARE2
https://ottawaheart.sharepoint.com/sites/UOHIBiosafetyCommittee,https://theottawahospital.sharepoint.com/sites/UOHI-BiosafetyCommittee
https://ottawaheart.sharepoint.com/sites/AMC-Coordination,https://theottawahospital.sharepoint.com/sites/UOHI-AMC-AMCCoordination
https://ottawaheart.sharepoint.com/sites/AMC-FinanceandData,https://theottawahospital.sharepoint.com/sites/UOHI-AMC-FinanceandData
https://ottawaheart.sharepoint.com/sites/UOHICallCentre,https://theottawahospital.sharepoint.com/sites/UOHI-CallCentre
https://ottawaheart.sharepoint.com/sites/AMC-HR,https://theottawahospital.sharepoint.com/sites/UOHI-AMC-HR
https://ottawaheart.sharepoint.com/sites/UOHI-CardiacDeviceClinic,https://theottawahospital.sharepoint.com/sites/UOHI-CardiacDeviceClinic
https://ottawaheart.sharepoint.com/sites/UOHI-CardiacElectrophysiology,https://theottawahospital.sharepoint.com/sites/UOHI-Research-CardiacElectrophysiology
https://ottawaheart.sharepoint.com/sites/UOHI-CardiacImagingOn-Call,https://theottawahospital.sharepoint.com/sites/UOHI-CardiacImagingOn-Call
https://ottawaheart.sharepoint.com/sites/UOHICathLabOn-Call,https://theottawahospital.sharepoint.com/sites/UOHI-CathLabOn-Call
https://ottawaheart.sharepoint.com/sites/UOHI-ClinicalManagerandClinicalCareLeader,https://theottawahospital.sharepoint.com/sites/UOHI-ClinicalManagerandClinicalCareLeader
https://ottawaheart.sharepoint.com/sites/UOHI-ClinicalResearch-HC-CHASM-RCT,https://theottawahospital.sharepoint.com/sites/UOHI-ClinicalResearch-HC-CHASM-RCT
https://ottawaheart.sharepoint.com/sites/UOHI-ClinicalResearch-HC-CHASM-RCT-BioAcuity,https://theottawahospital.sharepoint.com/sites/UOHI-ClinicalResearch-HC-CHASM-RCT-Monitoring-BioAcuity
https://ottawaheart.sharepoint.com/sites/UOHI-ClinicalResearch-HC-Chasm-RCT-HC-NFLD,https://theottawahospital.sharepoint.com/sites/UOHI-ClinicalResearch-HC-CHASM-RCT-CHASMRCTHealthCanada-NFLD
https://ottawaheart.sharepoint.com/sites/UOHI-ClinicalResearch-HC-CHASMRCT-SITE001,https://theottawahospital.sharepoint.com/sites/UOHI-ClinicalResearch-HC-CHASM-RCT-Site001UOHI
https://ottawaheart.sharepoint.com/sites/UOHI-ClinicalResearch-HC-CHASM-RCT-Site-Monitoring,https://theottawahospital.sharepoint.com/sites/UOHI-ClinicalResearch-HC-CHASM-RCT-SiteMonitoring-Luella
https://ottawaheart.sharepoint.com/sites/UOHI-ClinicalResearch-HC-CPKN065A12201-Study,https://theottawahospital.sharepoint.com/sites/UOHI-ClinicalResearch-HCNovartisCPKN065A12201Study
https://ottawaheart.sharepoint.com/sites/UOHI-ClinicalResearch-HC-CRMC,https://theottawahospital.sharepoint.com/sites/UOHI-ClinicalResearch-HC-CRMC
https://ottawaheart.sharepoint.com/sites/UOHI-ClinicalResearch-HC-MARINER,https://theottawahospital.sharepoint.com/sites/UOHI-ClinicalResearch-HC-MARINER
https://ottawaheart.sharepoint.com/sites/UOHI-ClinicalResearch-HC-PET-NeuCaVis-Study,https://theottawahospital.sharepoint.com/sites/UOHI-ClinicalResearch-HC-PETNeuCaVisStudy
https://ottawaheart.sharepoint.com/sites/UOHI-ClinicalResearch-HC-StudyDocuments,https://theottawahospital.sharepoint.com/sites/UOHI-ClinicalResearch-HC-StudyDocuments
https://ottawaheart.sharepoint.com/sites/UOHI-ClinicalResearch-HC-TaRGET-Study,https://theottawahospital.sharepoint.com/sites/UOHI-ClinicalResearchHC-TaRGETStudy
https://ottawaheart.sharepoint.com/sites/UOHI-ClinicalServices-CORstaffeducation,https://theottawahospital.sharepoint.com/sites/UOHI-ClinicalServices-CORstaffeducation
https://ottawaheart.sharepoint.com/sites/UOHI-ClinicalServices-PEMTaskForce,https://theottawahospital.sharepoint.com/sites/UOHI-ClinicalServices-PEMTaskForce
https://ottawaheart.sharepoint.com/sites/UOHI-CRMC,https://theottawahospital.sharepoint.com/sites/UOHI-CRMC
https://ottawaheart.sharepoint.com/sites/UOHI-CRMCcopy,https://theottawahospital.sharepoint.com/sites/UOHI-DataBasegroup
https://ottawaheart.sharepoint.com/sites/UOHI-CRMC-MEDTECH,https://theottawahospital.sharepoint.com/sites/UOHI-CRMC-MEDTECH
https://ottawaheart.sharepoint.com/sites/UOHIDataGovernanceCttee,https://theottawahospital.sharepoint.com/sites/UOHI-DataGovernanceCttee
https://ottawaheart.sharepoint.com/sites/UOHI-DiabetesPatientGuide,https://theottawahospital.sharepoint.com/sites/UOHI-DiabetesPatientGuide
https://ottawaheart.sharepoint.com/sites/UOHI-DiabetesTeam,https://theottawahospital.sharepoint.com/sites/UOHI-DiabetesTeam
https://ottawaheart.sharepoint.com/sites/UOHIDirectors,https://theottawahospital.sharepoint.com/sites/UOHI-Directors
https://ottawaheart.sharepoint.com/sites/UOHIECMO,https://theottawahospital.sharepoint.com/sites/UOHI-ECMO
https://ottawaheart.sharepoint.com/sites/UOHIEpicSteering,https://theottawahospital.sharepoint.com/sites/UOHI-EpicSteering
https://ottawaheart.sharepoint.com/sites/UOHIFGeneral,https://theottawahospital.sharepoint.com/sites/UOHI-FGeneral
https://ottawaheart.sharepoint.com/sites/UOHI-FoundationFinance,https://theottawahospital.sharepoint.com/sites/UOHI-FoundationFinance
https://ottawaheart.sharepoint.com/sites/UOHI-FoundationTeam,https://theottawahospital.sharepoint.com/sites/UOHI-FoundationTeam
https://ottawaheart.sharepoint.com/sites/UOHIHeartTransplantCommittee2,https://theottawahospital.sharepoint.com/sites/UOHI-HeartTransplantCommittee
https://ottawaheart.sharepoint.com/sites/UOHIHotWeatherEventTaskForce,https://theottawahospital.sharepoint.com/sites/UOHI-HotWeatherEventTaskForce
https://ottawaheart.sharepoint.com/sites/UOHIHPC,https://theottawahospital.sharepoint.com/sites/UOHI-HPC
https://ottawaheart.sharepoint.com/sites/UOHI-IndigenousPatientsGrant,https://theottawahospital.sharepoint.com/sites/UOHI-CardiacRehab-IndigenousPatientsGrant
https://ottawaheart.sharepoint.com/sites/UOHIIn-PatientPhysio,https://theottawahospital.sharepoint.com/sites/UOHI-In-PatientPhysio
https://ottawaheart.sharepoint.com/sites/UOHIIT,https://theottawahospital.sharepoint.com/sites/UOHI-UOHIIT
https://ottawaheart.sharepoint.com/sites/UOHIITBoardCommittee,https://theottawahospital.sharepoint.com/sites/UOHIITBoardCommittee
https://ottawaheart.sharepoint.com/sites/UOHIITDepartment-ITPresentations,https://theottawahospital.sharepoint.com/sites/UOHI-ITDepartment-ITPresentations
https://ottawaheart.sharepoint.com/sites/uohi-IT-Internal,https://theottawahospital.sharepoint.com/sites/UOHI-ITInternalDRAFT
https://ottawaheart.sharepoint.com/sites/AMC-Management,https://theottawahospital.sharepoint.com/sites/UOHI-AMC-Management
https://ottawaheart.sharepoint.com/sites/UOHILeadershipTeam,https://theottawahospital.sharepoint.com/sites/UOHI-CardiacImaging-LeadershipTeam
https://ottawaheart.sharepoint.com/sites/DI-2025UOHIDIRFP,https://theottawahospital.sharepoint.com/sites/UOHI-DI-2025UOHIDIRFP
https://ottawaheart.sharepoint.com/sites/UOHI-MITREAVCAI,https://theottawahospital.sharepoint.com/sites/UOHI-MITREAVCAI
https://ottawaheart.sharepoint.com/sites/UOHI-MRIOperations,https://theottawahospital.sharepoint.com/sites/UOHI-MRIOperations
https://ottawaheart.sharepoint.com/sites/uohi-NursingWeek,https://theottawahospital.sharepoint.com/sites/UOHI-ClinicalServices-NursingWeek
https://ottawaheart.sharepoint.com/sites/UOHI-OACMC-Exec,https://theottawahospital.sharepoint.com/sites/UOHI-Cardiology-OACMCExec
https://ottawaheart.sharepoint.com/sites/UOHIObesityGuidelineCommittee,https://theottawahospital.sharepoint.com/sites/UOHI-CardiacRehabilitation-UOHIObesityGuidelineCommittee
https://ottawaheart.sharepoint.com/sites/UOHIOHIRCJointFACommittee2,https://theottawahospital.sharepoint.com/sites/UOHI-OHIRCJointFACommittee
https://ottawaheart.sharepoint.com/sites/UOHIOrientation,https://theottawahospital.sharepoint.com/sites/UOHI-Orientation
https://ottawaheart.sharepoint.com/sites/UOHIOut-PatientPhysio,https://theottawahospital.sharepoint.com/sites/UOHI-Out-PatientPhysio
https://ottawaheart.sharepoint.com/sites/UOHIPCIStaffandFellows,https://theottawahospital.sharepoint.com/sites/UOHI-InterventionalCardiologyStaff
https://ottawaheart.sharepoint.com/sites/UOHIPCIStaffandFellows-UOHIInterventionalCardiologyStaffOnly,https://theottawahospital.sharepoint.com/sites/UOHI-InterventionalCardiologyStaff-UOHIInterventionalCardiologyStaffOnly
https://ottawaheart.sharepoint.com/sites/UOHI-Peptides,https://theottawahospital.sharepoint.com/sites/UOHI-Peptides
https://ottawaheart.sharepoint.com/sites/UOHIPETCTUpdate,https://theottawahospital.sharepoint.com/sites/UOHI-PETCTProposal
https://ottawaheart.sharepoint.com/sites/UOHI-Quality,https://theottawahospital.sharepoint.com/sites/UOHI-ClinicalServices-Quality-Risk-HealthInformationB.Bowes
https://ottawaheart.sharepoint.com/sites/UOHI-QualityofCareCommittee,https://theottawahospital.sharepoint.com/sites/UOHI-CardiacPreventionandRehabilitationQualityofCareCommitte
https://ottawaheart.sharepoint.com/sites/ClinicalServices-UOHIMillionCanadianHearts,https://theottawahospital.sharepoint.com/sites/UOHI-MillionCanadianHearts
https://ottawaheart.sharepoint.com/sites/UOHI-Research-IHCAPP,https://theottawahospital.sharepoint.com/sites/UOHI-Research-In-HospitalCardiacArrestPredictionandPreventio
https://ottawaheart.sharepoint.com/sites/UOHI-Research-RaynerLab,https://theottawahospital.sharepoint.com/sites/UOHI-Research-RaynerLab
https://ottawaheart.sharepoint.com/sites/UOHIReturntoWorkTaskForce,https://theottawahospital.sharepoint.com/sites/UOHI-ReturntoWorkTaskForce
https://ottawaheart.sharepoint.com/sites/UOHISeniorManagementCommittee,https://theottawahospital.sharepoint.com/sites/UOHISeniorManagementCommittee
https://ottawaheart.sharepoint.com/sites/UOHISharePointBaseTemplate,https://theottawahospital.sharepoint.com/sites/UOHISharePointBaseTemplate
https://ottawaheart.sharepoint.com/sites/UOHIsiteofACVS,https://theottawahospital.sharepoint.com/sites/UOHI-siteofACVS
https://ottawaheart.sharepoint.com/sites/uohi-softchoice-test-migration,https://theottawahospital.sharepoint.com/sites/UOHI-SoftchoiceMigrationTestTeam_yox-6r
https://ottawaheart.sharepoint.com/sites/uohi-softchoice-test-migration-TestPrivateChannel,https://theottawahospital.sharepoint.com/sites/UOHI-SoftchoiceMigrationTestTeam-TestPrivateChannel2
https://ottawaheart.sharepoint.com/sites/ClinicalServices-UOHIMillionCanadianHearts-WorkingGroup,https://theottawahospital.sharepoint.com/sites/UOHI-MillionCanadianHearts-1MHWorkingGroup
https://ottawaheart.sharepoint.com/sites/UOHIstress,https://theottawahospital.sharepoint.com/sites/UOHI-stress
https://ottawaheart.sharepoint.com/sites/UOHITaskForce,https://theottawahospital.sharepoint.com/sites/UOHITaskForce
https://ottawaheart.sharepoint.com/sites/UOHITraineeCommittee,https://theottawahospital.sharepoint.com/sites/UOHI-ResearchAdministration-Services-TraineeCommittee
https://ottawaheart.sharepoint.com/sites/UOHIVirtualRoundsPlanning,https://theottawahospital.sharepoint.com/sites/UOHI-RoundsPlanning
https://ottawaheart.sharepoint.com/sites/UOHIVPs,https://theottawahospital.sharepoint.com/sites/UOHI-VPs
https://ottawaheart.sharepoint.com/sites/UOHIVPs-H-SAA,https://theottawahospital.sharepoint.com/sites/UOHI-VPs-H-SAA
https://ottawaheart.sharepoint.com/sites/ValvularHeartDiseaseInnovationHub,https://theottawahospital.sharepoint.com/sites/UOHI-ValvularHeartDiseaseInnovationHub
https://ottawaheart.sharepoint.com/sites/VBEML2,https://theottawahospital.sharepoint.com/sites/UOHI-VBEML
https://ottawaheart.sharepoint.com/sites/VentIntegrationTesting,https://theottawahospital.sharepoint.com/sites/UOHI-VentIntegrationTesting
https://ottawaheart.sharepoint.com/sites/VirtualCareHeartTeam,https://theottawahospital.sharepoint.com/sites/UOHI-VirtualCareHeartTeam
https://ottawaheart.sharepoint.com/sites/VirtualCareProgram,https://theottawahospital.sharepoint.com/sites/UOHI-VirtualCareProgram
https://ottawaheart.sharepoint.com/sites/VirtualDeliveryProject,https://theottawahospital.sharepoint.com/sites/UOHI-VirtualDeliveryProject
https://ottawaheart.sharepoint.com/sites/VirtualGroupProgramming,https://theottawahospital.sharepoint.com/sites/UOHI-VirtualGroupProgramming
https://ottawaheart.sharepoint.com/sites/VirtualIntervention-WomensExerciseRCTLHIITSTUDY,https://theottawahospital.sharepoint.com/sites/UOHI-TALK-TESTStudy
https://ottawaheart.sharepoint.com/sites/Vocera2,https://theottawahospital.sharepoint.com/sites/UOHI-Vocera
https://ottawaheart.sharepoint.com/sites/Vocera2-Vocera2025DeviceTrial,https://theottawahospital.sharepoint.com/sites/UOHI-Vocera-Vocera2025DeviceTrial
https://ottawaheart.sharepoint.com/sites/WebinarseriesTeam,https://theottawahospital.sharepoint.com/sites/UOHI-WebinarPodcastseriesTeam
https://ottawaheart.sharepoint.com/sites/WebinarTranslation,https://theottawahospital.sharepoint.com/sites/UOHI-WebinarTranslation
https://ottawaheart.sharepoint.com/sites/WellnessInitiative,https://theottawahospital.sharepoint.com/sites/UOHI-WellnessInitiative
https://ottawaheart.sharepoint.com/sites/WomensExerciseRCTKickoffMeeting,https://theottawahospital.sharepoint.com/sites/UOHI-CANSURVEY-AF
https://ottawaheart.sharepoint.com/sites/WorkingGroup-PIContractReview,https://theottawahospital.sharepoint.com/sites/UOHI-WorkingGroup-PIContractReview
https://ottawaheart.sharepoint.com/sites/X-raystaffmeeting,https://theottawahospital.sharepoint.com/sites/UOHI-CardiacImaging-X-rayTeam
https://ottawaheart.sharepoint.com/sites/UOHIVPs-CEOGoals,https://theottawahospital.sharepoint.com/sites/UOHI-VPs-CEOGoals
https://ottawaheart.sharepoint.com/sites/BillingInvoices-CathOnCall,https://theottawahospital.sharepoint.com/sites/UOHI-BillingInvoices-CathOnCall
https://ottawaheart.sharepoint.com/sites/UOHI-Quality-StaffEngagementSurvey,https://theottawahospital.sharepoint.com/sites/UOHI-ClinicalServices-Quality-Risk-HealthInformationB.Bowes-StaffEngagementSurvey
https://ottawaheart.sharepoint.com/sites/HIHeartResearch-DALCO,https://theottawahospital.sharepoint.com/sites/UOHI-HIHeartResearch-DALCO
https://ottawaheart.sharepoint.com/sites/m365RegionalRe-Alingment,https://theottawahospital.sharepoint.com/sites/UOHIIT-RegionalM365AlignmentFeb6-9
https://ottawaheart.sharepoint.com/sites/UOHI-InformationTechnology-RegionalM365AlignmentFeb6-9,https://theottawahospital.sharepoint.com/sites/UOHI-InformationTechnology-RegionalM365AlignmentFeb6-9
https://ottawaheart.sharepoint.com/sites/FinancialLeaders-KeyComplianceTracking,https://theottawahospital.sharepoint.com/sites/UOHI-FinanceAdministration-UOHIFinancialLeaders-KeyComplianceTracking
https://ottawaheart.sharepoint.com/sites/FATeam-EY2025,https://theottawahospital.sharepoint.com/sites/UOHI-Finance-EY2025
https://ottawaheart.sharepoint.com/sites/CardiacImagingECGteam-ECGResponsiblePersonlist,https://theottawahospital.sharepoint.com/sites/UOHI-CardiacImaging-ECGteam-ECGResponsiblePersonlist
https://ottawaheart.sharepoint.com/sites/UOHI-Quality-StaffEngagementSurvey,https://theottawahospital.sharepoint.com/sites/UOHI-ClinicalServices-Quality-Risk-HealthInformationB.Bowes-StaffEngagementSurvey
